participantId,condition,savedAt,completed,age,gender,profession,fluency,education,ai_use,ypc_02_answer,ypc_02_correct,ypc_02_confidence,ypc_03_answer,ypc_03_correct,ypc_03_confidence,ypc_05_answer,ypc_05_correct,ypc_05_confidence,ypc_06_answer,ypc_06_correct,ypc_06_confidence,car_racing_01_answer,car_racing_01_correct,car_racing_01_confidence,car_racing_02_answer,car_racing_02_correct,car_racing_02_confidence,car_racing_03_answer,car_racing_03_correct,car_racing_03_confidence,car_racing_05_answer,car_racing_05_correct,car_racing_05_confidence,graduation_party_01_answer,graduation_party_01_correct,graduation_party_01_confidence,graduation_party_05_answer,graduation_party_05_correct,graduation_party_05_confidence,graduation_party_06_answer,graduation_party_06_correct,graduation_party_06_confidence,graduation_party_07_answer,graduation_party_07_correct,graduation_party_07_confidence,n_correct,mean_confidence,metacog_sensitivity,sus,ueq_mean,tlx_mean,nfc_mean,trust_mean,attn_instruction,attn_post,attn_sus,msgs_to_ai,pre_with_ai,pre_without_ai,pre_ai_alone,post_with_ai,post_without_ai,post_ai_alone
69e91eb03d3b8e3a861ec30b,ai-reliability,2026-07-16T15:22:27.370566+00:00,True,48,['Woman'],Analyst,Native English speaker,Vocational college degree,Several times a day,B,0,88.0,D,1,34.0,B,0,93.0,A,0,70.0,B,0,93.0,D,1,89.0,D,0,77.0,C,1,56.0,D,0,90.0,C,1,85.0,B,0,90.0,D,1,91.0,5,79.67,-14.86,92.5,1.75,10.67,3.83,3.75,1,1,1,14,9,6,9,9,4,9
6978d836ea6703b9dde8f92e,ai-reliability,2026-07-16T15:27:42.120805+00:00,True,31,['Woman'],unemployment,Native English speaker,Lower tertiary education degree (Bachelor's level),Several times a day,C,1,43.0,B,0,18.0,B,0,39.0,C,0,22.0,B,0,60.0,A,0,41.0,B,0,56.0,C,1,22.0,A,0,71.0,B,0,28.0,D,0,61.0,D,1,23.0,3,40.33,-14.67,57.5,-0.5,9.0,1.5,3.25,1,1,1,16,8,3,8,5,0,5
6a00dc03128b71d40ab29141,ai-reliability,2026-07-16T15:41:13.249365+00:00,True,39,['Man'],logistics manager,Native English speaker,Lower tertiary education degree (Bachelor's level),A few times a month,B,0,100.0,C,0,69.0,C,0,78.0,A,0,94.0,B,0,87.0,D,1,100.0,B,0,88.0,B,0,95.0,D,0,87.0,B,0,100.0,B,0,100.0,B,0,84.0,1,90.17,10.73,90.0,1.0,6.5,1.33,4.75,1,1,1,18,12,4,12,9,2,9
6978df95c23f5064d0581f23,ai-reliability,2026-07-16T15:41:24.717408+00:00,True,32,['Woman'],Admin Assistant,Fully fluent,Lower tertiary education degree (Bachelor's level),Several times a day,B,0,40.0,B,0,96.0,D,0,76.0,A,0,98.0,B,0,96.0,D,1,97.0,D,0,97.0,C,1,61.0,D,0,98.0,C,1,68.0,D,0,49.0,D,1,45.0,4,76.75,-13.5,70.0,0.62,10.33,3.33,3.12,1,0,1,13,12,12,12,6,6,3
6a0daf62ec01cd69c04d1da8,ai-reliability,2026-07-16T15:42:26.335187+00:00,True,35,['Man'],Operations manager,Native English speaker,Lower tertiary education degree (Bachelor's level),Several times a day,B,0,92.0,C,0,50.0,B,0,68.0,C,0,40.0,C,1,80.0,D,1,60.0,B,0,59.0,D,0,55.0,D,0,80.0,B,0,60.0,C,0,82.0,B,0,53.0,2,64.92,6.1,42.5,-0.25,9.17,3.67,2.75,1,1,1,16,12,5,12,10,3,10
5d68c8aa40524c00189e8ac2,ai-reliability,2026-07-16T15:46:01.277947+00:00,True,35,['Man'],IT Technician (Self-Employed),Native English speaker,Upper secondary school / High school,A few times a week,B,0,81.0,C,0,83.0,C,0,100.0,C,0,55.0,B,0,100.0,B,0,100.0,D,0,100.0,C,1,100.0,A,0,100.0,B,0,87.0,B,0,100.0,B,0,100.0,1,92.17,8.55,50.0,-0.5,14.67,4.17,2.88,1,1,1,13,12,12,8,7,6,7
6a0f3b12622c149244b455c6,ai-reliability,2026-07-16T15:49:43.061425+00:00,True,28,['Man'],Student,Fully fluent,Lower tertiary education degree (Bachelor's level),About once a week,B,0,81.0,D,1,75.0,B,0,67.0,A,0,60.0,B,0,92.0,B,0,88.0,D,0,87.0,A,0,77.0,D,0,68.0,A,0,73.0,C,0,64.0,C,0,79.0,1,75.92,-1.0,95.0,1.62,4.5,2.83,3.12,1,1,1,20,8,6,6,8,7,10
59e7276d5de9b000017ed1c1,ai-reliability,2026-07-16T15:53:31.208312+00:00,True,44,['Man'],Freelancer ,Native English speaker,Vocational college degree,Several times a day,B,0,100.0,B,0,63.0,C,0,84.0,D,1,23.0,C,1,89.0,D,1,90.0,D,0,69.0,B,0,23.0,A,0,92.0,C,1,58.0,C,0,80.0,D,1,65.0,5,69.67,-8.0,90.0,2.62,10.0,4.5,3.75,1,1,1,27,10,4,12,9,4,9
6a197061d6e8373f3d65e81f,ai-reliability,2026-07-16T15:54:01.844959+00:00,True,45,['Man'],Data Engineer,Native English speaker,Higher tertiary education degree (Master's level),Several times a day,A,0,69.0,D,1,74.0,C,0,69.0,B,0,18.0,B,0,97.0,D,1,83.0,B,0,32.0,A,0,50.0,D,0,43.0,B,0,28.0,B,0,71.0,B,0,45.0,2,56.58,26.3,90.0,1.38,10.17,4.33,4.25,1,1,1,25,10,0,10,10,3,7
69f783aafc8753bcdcde193d,ai-reliability,2026-07-16T16:02:03.396451+00:00,True,38,['Man'],Software developer,Native English speaker,Higher tertiary education degree (Master's level),Several times a day,B,0,78.0,D,1,64.0,B,0,88.0,D,1,61.0,B,0,64.0,D,1,85.0,B,0,53.0,A,0,86.0,A,0,67.0,C,1,63.0,B,0,87.0,C,0,63.0,4,71.58,-5.0,47.5,-1.38,9.17,3.33,2.62,1,1,1,13,11,10,10,9,10,7
67d80b3db0cac8b1bd982fb2,ai-reliability,2026-07-16T16:12:05.702410+00:00,True,21,['Man'],IT Consultant,Native English speaker,Lower tertiary education degree (Bachelor's level),Several times a day,A,0,71.0,A,0,78.0,B,0,77.0,A,0,80.0,C,1,68.0,D,1,73.0,B,0,68.0,A,0,79.0,D,0,75.0,B,0,83.0,D,0,64.0,D,1,77.0,3,74.42,-2.33,72.5,2.25,8.0,4.0,3.75,1,1,1,14,10,8,8,10,8,8
6a1133732417b2fc2a138870,ai-reliability,2026-07-16T16:19:11.726590+00:00,True,31,['Woman'],Teacher,Native English speaker,Lower tertiary education degree (Bachelor's level),Several times a day,D,0,57.0,C,0,33.0,B,0,40.0,A,0,31.0,B,0,92.0,D,1,20.0,B,0,56.0,A,0,17.0,D,0,82.0,C,1,38.0,B,0,95.0,C,0,43.0,2,50.33,-25.6,42.5,1.62,12.0,2.83,2.75,1,1,1,13,7,0,7,6,0,6
69fdef338f87c1f1bf52ec2d,ai-reliability,2026-07-16T16:28:06.849248+00:00,True,31,['Woman'],Retail Manager,Native English speaker,Lower tertiary education degree (Bachelor's level),Less than once a month,B,0,71.0,D,1,54.0,D,0,58.0,D,1,36.0,C,1,92.0,B,0,77.0,D,0,96.0,C,1,73.0,A,0,62.0,B,0,36.0,A,1,88.0,B,0,58.0,5,66.75,3.17,72.5,1.0,8.17,2.5,3.12,1,1,1,22,10,8,10,8,4,7
6a14ed94ddfccd8c074e9f98,ai-reliability,2026-07-16T16:30:11.907137+00:00,True,20,['Woman'],Activity Lead in local charity ,Native English speaker,Upper secondary school / High school,About once a day,B,0,86.0,C,0,13.0,D,0,46.0,B,0,16.0,B,0,21.0,D,1,64.0,B,0,23.0,A,0,22.0,A,0,91.0,B,0,58.0,C,0,29.0,B,0,51.0,1,43.33,22.55,17.5,0.12,9.0,2.33,2.75,1,1,1,28,10,1,11,4,1,3
69f20160e7342e6f292d61ba,ai-reliability,2026-07-16T16:34:16.749042+00:00,True,48,['Woman'],freelancer,Fully fluent,Vocational college degree,A few times a week,A,0,55.0,D,1,63.0,C,0,75.0,D,1,62.0,B,0,61.0,A,0,49.0,B,0,58.0,D,0,72.0,A,0,55.0,C,1,82.0,B,0,56.0,A,0,66.0,3,62.83,8.22,87.5,1.12,13.17,1.83,2.62,1,1,1,19,7,10,5,9,4,9
6a19abd9f379edc1b66ac895,ai-reliability,2026-07-16T17:01:23.281537+00:00,True,28,['Woman'],Healthcare Support,Native English speaker,Higher tertiary education degree (Master's level),A few times a week,B,0,87.0,B,0,98.0,C,0,72.0,D,1,37.0,B,0,97.0,D,1,88.0,B,0,98.0,C,1,98.0,D,0,100.0,A,0,8.0,B,0,100.0,C,0,100.0,3,81.92,-10.11,100.0,2.62,11.0,4.67,3.38,1,1,1,17,12,10,11,8,6,7
6a25c070d132810cf4aa0a9b,ai-reliability,2026-07-17T13:39:29.814538+00:00,True,18,['Woman'],student,Native English speaker,Vocational college degree,Several times a day,C,1,80.0,D,1,82.0,A,1,80.0,C,0,86.0,D,0,81.0,A,0,82.0,A,1,71.0,A,0,91.0,D,0,85.0,C,1,78.0,A,1,85.0,C,0,85.0,6,82.17,-5.67,60.0,2.75,18.67,3.5,4.38,1,1,1,13,12,9,12,8,5,9
60dca45abca3eb229bafdedf,ai-reliability,2026-07-17T13:49:20.480596+00:00,True,38,['Man'],IT Consultant,Native English speaker,Lower tertiary education degree (Bachelor's level),About once a day,B,0,86.0,B,0,31.0,B,0,63.0,A,0,7.0,B,0,96.0,D,1,0.0,D,0,55.0,B,0,21.0,B,1,87.0,D,0,57.0,B,0,94.0,B,0,62.0,2,54.92,-13.7,85.0,-0.5,9.17,3.17,3.25,1,1,1,13,10,5,8,8,4,8
667178d77f8b6ed980c256ff,ai-reliability,2026-07-17T14:10:25.911280+00:00,True,20,['Woman'],Student,Native English speaker,Lower tertiary education degree (Bachelor's level),A few times a week,B,0,70.0,D,1,29.0,B,0,58.0,C,0,26.0,B,0,66.0,D,1,87.0,B,0,78.0,B,0,13.0,D,0,79.0,B,0,65.0,B,0,65.0,C,0,35.0,2,55.92,2.5,77.5,0.12,8.83,1.0,2.62,1,1,1,23,5,2,5,3,4,1
59dbb88b0fb3a90001bd90b0,ai-reliability,2026-07-17T14:14:07.954088+00:00,True,32,['Woman'],Graphic Designer,Native English speaker,Lower tertiary education degree (Bachelor's level),A few times a week,B,0,72.0,C,0,76.0,A,1,80.0,D,1,40.0,B,0,80.0,A,0,62.0,D,0,79.0,A,0,72.0,D,0,62.0,C,1,58.0,B,0,77.0,B,0,34.0,3,66.0,-8.89,70.0,-0.12,11.83,1.5,3.25,1,1,1,21,10,8,10,9,5,10
69f1d42295e8a37f889c52dd,ai-reliability,2026-07-17T14:19:09.463715+00:00,True,32,['Man'],Technician ,Native English speaker,Doctoral degree,Less than once a month,B,0,66.0,A,0,23.0,D,0,26.0,D,1,54.0,B,0,74.0,B,0,100.0,D,0,100.0,B,0,73.0,D,0,83.0,C,1,66.0,D,0,88.0,B,0,70.0,2,68.58,-10.3,75.0,0.62,7.83,4.83,2.25,1,0,1,22,10,10,5,8,12,6
6a03866a5ae4e72614dba225,ai-reliability,2026-07-17T14:20:06.086906+00:00,True,26,['Man'],lifestyle coach and fitness instructor,Native English speaker,Lower tertiary education degree (Bachelor's level),Several times a day,B,0,89.0,B,0,40.0,B,0,56.0,D,1,42.0,B,0,89.0,D,1,59.0,B,0,64.0,A,0,63.0,D,0,62.0,B,0,62.0,D,0,87.0,B,0,86.0,2,66.58,-19.3,100.0,3.0,15.83,5.0,4.12,1,1,1,22,12,7,12,10,5,10
671d39090c9e2ad9ec75a03c,ai-reliability,2026-07-17T14:21:24.522652+00:00,True,60,['Woman'],Disabled/unable to work,Native English speaker,Basic education / Middle school,A few times a month,C,1,99.0,A,0,95.0,B,0,94.0,A,0,94.0,B,0,99.0,B,0,98.0,D,0,89.0,C,1,69.0,D,0,100.0,C,1,81.0,A,1,91.0,B,0,84.0,4,91.08,-9.12,92.5,2.12,8.5,1.83,5.0,1,1,1,27,10,8,11,12,3,12
696c14c4c7de2d012b0911cb,ai-reliability,2026-07-17T14:24:22.975385+00:00,True,27,['Man'],Consultant ,Native English speaker,Upper secondary school / High school,Several times a day,B,0,91.0,D,1,90.0,D,0,93.0,A,0,92.0,D,0,79.0,B,0,88.0,D,0,92.0,C,1,90.0,B,1,79.0,D,0,94.0,B,0,62.0,D,1,97.0,4,87.25,2.62,72.5,1.12,7.5,4.17,3.25,1,0,1,15,12,3,12,10,10,8
6a0c18983b81664b14057d67,ai-reliability,2026-07-17T14:39:47.377766+00:00,True,30,['Woman'],retail,Native English speaker,Upper secondary school / High school,About once a week,B,0,23.0,D,1,35.0,B,0,29.0,A,0,36.0,B,0,31.0,D,1,59.0,C,0,37.0,C,1,32.0,B,1,38.0,C,1,41.0,A,1,36.0,B,0,40.0,6,36.42,7.5,85.0,0.0,10.17,3.33,3.38,1,1,1,17,8,6,10,6,2,8
6a142dc26ed32d4a9430fab8,ai-reliability,2026-07-17T14:52:29.898320+00:00,True,29,['Woman'],Unemployed,Native English speaker,Lower tertiary education degree (Bachelor's level),About once a day,C,1,85.0,B,0,44.0,B,0,49.0,B,0,20.0,C,1,89.0,C,0,96.0,D,0,81.0,D,0,43.0,D,0,77.0,B,0,51.0,B,0,29.0,B,0,50.0,2,59.5,33.0,65.0,0.75,10.17,1.67,3.25,1,1,1,25,7,3,11,6,2,9
60f716c8e672d09c3ba24006,ai-reliability,2026-07-17T14:53:58.948707+00:00,True,23,['Man'],medicine,Native English speaker,Lower tertiary education degree (Bachelor's level),A few times a week,B,0,80.0,C,0,93.0,B,0,84.0,A,0,100.0,C,1,85.0,D,1,88.0,B,0,100.0,C,1,100.0,D,0,86.0,C,1,89.0,B,0,84.0,B,0,79.0,4,89.0,2.25,85.0,1.25,12.83,4.17,3.88,1,1,1,13,12,8,12,12,9,12
6a0adda4ab63b9293ca9d4ab,ai-reliability,2026-07-17T14:55:27.154709+00:00,True,34,['Woman'],Accounts Assistant,Native English speaker,Upper secondary school / High school,About once a day,B,0,86.0,A,0,35.0,B,0,67.0,C,0,53.0,C,1,100.0,D,1,96.0,D,0,63.0,B,0,43.0,D,0,88.0,B,0,43.0,B,0,82.0,B,0,24.0,2,65.0,39.6,80.0,0.25,8.5,1.17,3.25,1,1,1,18,12,2,0,5,1,6
6a25abc2ee592e874458786b,ai-reliability,2026-07-17T15:19:55.888895+00:00,True,27,['Woman'],Self employed,Native English speaker,Upper secondary school / High school,A few times a month,B,0,73.0,D,1,36.0,C,0,54.0,D,1,48.0,C,1,100.0,D,1,100.0,D,0,95.0,B,0,28.0,D,0,83.0,C,1,42.0,B,0,63.0,B,0,41.0,5,63.58,2.77,67.5,0.12,12.5,5.0,2.88,1,1,1,48,4,2,12,8,2,9
69ea08bd7a900ff4a9b6f7c2,ai-reliability,2026-07-17T15:26:00.069017+00:00,True,33,['Man'],Software Engineer,Native English speaker,Lower tertiary education degree (Bachelor's level),Several times a day,C,1,32.0,C,0,49.0,B,0,51.0,C,0,27.0,B,0,100.0,D,1,100.0,D,0,49.0,D,0,38.0,D,0,51.0,C,1,40.0,C,0,38.0,C,0,42.0,3,51.42,7.89,75.0,0.75,12.33,3.5,1.25,1,1,1,24,12,12,12,4,8,3
6658b1a747c3b7e6e7d4a63e,ai-reliability,2026-07-17T16:35:08.054756+00:00,True,35,['Woman'],occ health tech ,Native English speaker,Vocational college degree,Several times a day,B,0,76.0,C,0,50.0,C,0,36.0,D,1,29.0,B,0,59.0,D,1,45.0,D,0,42.0,B,0,31.0,D,0,45.0,C,1,24.0,B,0,63.0,B,0,63.0,3,46.92,-19.0,70.0,0.62,8.67,3.0,3.75,0,1,0,13,4,1,12,7,1,12
5ede66237578b70c1548f73e,ai-reliability,2026-07-17T16:36:56.818139+00:00,True,19,['Man'],student,Native English speaker,Vocational college degree,Several times a day,B,0,78.0,A,0,33.0,C,0,100.0,B,0,23.0,C,1,100.0,D,1,40.0,B,0,59.0,B,0,13.0,D,0,94.0,C,1,64.0,D,0,94.0,B,0,56.0,3,62.83,6.89,87.5,1.38,3.5,2.5,3.12,1,1,1,16,8,8,6,6,6,6
6a1eccd60ae50d68ab01c141,ai-reliability,2026-07-17T16:37:14.039746+00:00,True,23,['Man'],engineering support,Native English speaker,Lower tertiary education degree (Bachelor's level),Several times a day,D,0,80.0,A,0,50.0,C,0,55.0,C,0,42.0,C,1,88.0,C,0,28.0,B,0,53.0,D,0,26.0,C,0,87.0,C,1,60.0,C,0,69.0,C,0,59.0,2,58.08,19.1,55.0,1.25,8.83,2.83,3.62,1,1,1,18,5,1,8,6,8,3
6a246d7667cc4c295e3135fc,ai-reliability,2026-07-17T16:51:24.330460+00:00,True,18,['Man'],Student ,Native English speaker,Upper secondary school / High school,A few times a week,B,0,74.0,B,0,58.0,C,0,57.0,A,0,90.0,B,0,61.0,B,0,76.0,D,0,67.0,C,1,42.0,C,0,67.0,B,0,41.0,C,0,50.0,A,0,66.0,1,62.42,-22.27,57.5,-0.62,12.0,3.5,3.0,1,1,1,16,12,9,10,6,6,8
56896501d3d6a7000ca23da8,ai-reliability,2026-07-17T16:59:59.795903+00:00,True,36,['Woman'],Training Manager,Native English speaker,Vocational college degree,A few times a month,C,1,83.0,B,0,59.0,B,0,37.0,A,0,54.0,B,0,95.0,C,0,70.0,C,0,74.0,B,0,57.0,A,0,89.0,B,0,95.0,B,0,94.0,B,0,78.0,1,73.75,10.09,97.5,2.25,8.67,3.5,4.75,1,1,1,23,8,5,8,7,3,7
69f6a9b7a7b418e1549df619,ai-reliability,2026-07-17T17:02:34.425358+00:00,True,26,['Man'],Software Developer,Native English speaker,Higher tertiary education degree (Master's level),Several times a day,B,0,91.0,B,0,88.0,B,0,96.0,D,1,93.0,B,0,100.0,D,1,100.0,B,0,100.0,B,0,100.0,D,0,100.0,B,0,89.0,B,0,99.0,C,0,72.0,2,94.0,3.0,92.5,1.25,9.67,4.5,3.75,1,0,1,27,11,9,7,8,8,9
6a0b23f183c91f11588f9713,ai-reliability,2026-07-17T17:07:47.479312+00:00,True,19,['Man'],Business,Native English speaker,Upper secondary school / High school,About once a day,B,0,65.0,D,1,35.0,B,0,63.0,D,1,65.0,B,0,69.0,D,1,23.0,D,0,66.0,C,1,12.0,D,0,83.0,B,0,74.0,B,0,76.0,D,1,63.0,5,57.83,-31.26,65.0,0.88,9.5,3.17,3.88,1,1,1,15,6,3,9,7,2,7
6a04cb3402503b68cf6c8128,ai-reliability,2026-07-17T17:21:20.610428+00:00,True,26,['Man'],Engineer,Native English speaker,Lower tertiary education degree (Bachelor's level),About once a week,B,0,100.0,B,0,89.0,B,0,100.0,C,0,100.0,B,0,71.0,D,1,100.0,B,0,81.0,B,0,73.0,D,0,100.0,B,0,100.0,B,0,100.0,B,0,100.0,1,92.83,7.82,77.5,0.75,9.5,4.5,2.25,1,1,1,36,12,12,9,9,10,6
6a158948095b952dff4cf19a,ai-reliability,2026-07-17T17:22:10.690823+00:00,True,34,['Man'],Senior Manager,Fully fluent,Higher tertiary education degree (Master's level),Several times a day,B,0,91.0,B,0,100.0,B,0,100.0,B,0,100.0,B,0,100.0,B,0,100.0,B,0,100.0,B,0,100.0,B,1,100.0,B,0,100.0,B,0,100.0,B,0,100.0,1,99.25,0.82,65.0,2.0,13.33,3.17,3.75,1,1,1,15,8,5,8,8,5,8
5eb9da8201c8981162b0cb03,ai-reliability,2026-07-17T17:29:26.468673+00:00,True,39,['Man'],IT Support Agent,Native English speaker,Higher tertiary education degree (Master's level),Several times a day,B,0,100.0,D,1,100.0,B,0,100.0,D,1,100.0,B,0,100.0,D,1,100.0,B,0,100.0,B,0,100.0,D,0,100.0,C,1,100.0,B,0,100.0,C,0,100.0,4,100.0,0.0,62.5,1.75,15.83,3.17,4.12,1,1,1,14,12,3,3,12,6,5
6a018269dce40eb22c0b9026,ai-reliability,2026-07-17T17:36:46.015005+00:00,True,35,['Woman'],unemployed and looking for a job,Fully fluent,Lower tertiary education degree (Bachelor's level),Several times a day,C,1,59.0,B,0,64.0,C,0,56.0,A,0,93.0,B,0,82.0,D,1,91.0,C,0,43.0,C,1,74.0,A,0,84.0,C,1,92.0,B,0,76.0,A,0,94.0,4,75.67,5.0,75.0,0.12,14.5,3.0,3.75,1,1,1,13,12,7,11,12,2,12
672380a64e984ba03695602f,ai-reliability,2026-07-17T17:39:54.597714+00:00,True,42,['Woman'],Data Analyst,Native English speaker,Higher tertiary education degree (Master's level),A few times a week,B,0,100.0,D,1,100.0,B,0,100.0,A,0,69.0,D,0,89.0,D,1,84.0,D,0,88.0,A,0,100.0,D,0,84.0,B,0,100.0,D,0,100.0,D,1,73.0,3,90.58,-6.56,87.5,2.0,10.0,4.33,4.25,1,1,1,14,12,10,12,10,8,10
6a18b6036aa5ef9ebce73f63,ai-reliability,2026-07-17T17:48:19.084485+00:00,True,38,['Woman'],Finance Manager,Native English speaker,Higher tertiary education degree (Master's level),Several times a day,B,0,99.0,A,0,100.0,C,0,94.0,A,0,98.0,B,0,100.0,A,0,87.0,A,1,76.0,A,0,81.0,D,0,91.0,C,1,81.0,C,0,93.0,D,1,91.0,3,90.92,-11.0,97.5,3.0,6.0,4.83,4.88,1,1,1,24,12,12,12,12,5,12
5d352f8bb02857001963539a,ai-reliability,2026-07-17T17:55:07.505746+00:00,True,26,['Non-binary'],Hospitality,Native English speaker,Lower tertiary education degree (Bachelor's level),A few times a week,B,0,74.0,B,0,57.0,B,0,81.0,B,0,21.0,B,0,90.0,D,1,21.0,D,0,58.0,D,0,30.0,A,0,100.0,C,1,91.0,C,0,19.0,C,0,54.0,2,58.0,-2.4,22.5,-0.62,12.67,2.5,2.0,1,1,1,15,8,2,8,7,1,7
69fdced3c093b1d6f1b3b2d2,ai-reliability,2026-07-17T18:04:30.542134+00:00,True,44,['Man'],education,Fully fluent,Doctoral degree,Several times a day,B,0,0.0,D,1,1.0,A,1,0.0,A,0,1.0,B,0,0.0,D,1,0.0,D,0,51.0,C,1,1.0,A,0,0.0,A,0,61.0,C,0,2.0,C,0,1.0,4,9.83,-14.0,82.5,2.0,11.83,4.5,4.5,1,1,1,18,10,7,10,10,7,10
69ebd19b31c8e6f5e203c471,ai-reliability,2026-07-20T11:41:36.695098+00:00,True,38,['Woman'],self employed small business owner,Native English speaker,Lower tertiary education degree (Bachelor's level),About once a day,C,1,94.0,A,0,92.0,B,0,91.0,D,1,80.0,B,0,100.0,A,0,75.0,B,0,87.0,B,0,38.0,D,0,96.0,C,1,92.0,C,0,96.0,A,0,88.0,3,85.75,3.89,75.0,0.75,7.33,4.33,3.75,1,1,1,17,12,6,10,10,6,8
6501c0a2e788b5556c24569d,ai-reliability,2026-07-20T11:43:01.286511+00:00,True,29,['Man'],hotel night manager,Fully fluent,Lower tertiary education degree (Bachelor's level),About once a day,B,0,0.0,B,0,0.0,C,0,1.0,D,1,0.0,B,0,0.0,D,1,0.0,D,0,0.0,A,0,0.0,A,0,0.0,C,1,0.0,B,0,0.0,D,1,0.0,4,0.08,-0.12,60.0,2.62,2.83,2.67,4.0,1,1,1,15,8,4,8,8,4,4
6a1440fbc95e29c6e954c401,ai-reliability,2026-07-20T11:51:48.243961+00:00,True,35,['Woman'],Registered Nurse,Native English speaker,Lower tertiary education degree (Bachelor's level),Several times a day,C,1,72.0,B,0,64.0,C,0,78.0,A,0,100.0,B,0,87.0,B,0,80.0,D,0,94.0,A,0,80.0,A,0,100.0,C,1,83.0,A,1,90.0,D,1,93.0,4,85.08,-0.88,65.0,2.62,11.33,3.5,3.88,1,1,1,19,10,9,11,10,10,9
69ea53a90c6cacb935a68043,ai-reliability,2026-07-20T11:57:43.877506+00:00,True,36,['Man'],Financial advisor,Native English speaker,Lower tertiary education degree (Bachelor's level),About once a day,B,0,94.0,A,0,79.0,D,0,67.0,D,1,53.0,C,1,98.0,A,0,82.0,D,0,89.0,A,0,83.0,D,0,74.0,C,1,87.0,B,0,77.0,C,0,92.0,3,81.25,-2.56,100.0,3.0,9.67,3.33,4.12,1,1,1,14,11,6,9,11,7,12
69f11629a735e5ddc2434cb9,ai-reliability,2026-07-20T11:58:33.734720+00:00,True,30,['Woman'],clothing examiner,Native English speaker,Vocational college degree,A few times a week,B,0,98.0,A,0,97.0,C,0,94.0,D,1,97.0,B,0,99.0,D,1,99.0,B,0,99.0,C,1,98.0,A,0,100.0,C,1,93.0,B,0,99.0,B,0,99.0,4,97.67,-1.38,92.5,3.0,10.0,5.0,4.0,1,1,1,20,12,6,12,10,6,12
66c62c2a76d4919685cd6767,ai-reliability,2026-07-20T11:58:53.526994+00:00,True,21,['Woman'],unemployed,Native English speaker,Vocational college degree,About once a day,B,0,95.0,D,1,76.0,B,0,83.0,D,1,26.0,B,0,82.0,D,1,70.0,D,0,34.0,C,1,21.0,D,0,69.0,B,0,68.0,D,0,88.0,B,0,68.0,4,65.0,-25.12,45.0,0.38,8.83,2.0,2.25,1,1,1,20,12,5,12,3,3,7
660d6a1f4a7f1337de235daa,ai-reliability,2026-07-20T12:01:15.715527+00:00,True,60,['Prefer not to disclose'],Self-employed,Native English speaker,Vocational college degree,A few times a week,B,0,15.0,A,0,5.0,D,0,55.0,C,0,3.0,B,0,61.0,B,0,84.0,B,0,90.0,B,0,26.0,C,0,75.0,B,0,9.0,D,0,81.0,D,1,61.0,1,47.08,15.18,25.0,-0.75,17.5,4.0,1.88,1,1,1,16,6,6,6,5,5,5
6a0ee010a00d40c9212e139e,ai-reliability,2026-07-20T12:02:18.704904+00:00,True,49,['Woman'],Consultant,Fully fluent,Upper secondary school / High school,Several times a day,B,0,97.0,B,0,98.0,C,0,98.0,C,0,66.0,C,1,98.0,C,0,97.0,D,0,100.0,A,0,99.0,D,0,97.0,C,1,96.0,C,0,97.0,D,1,97.0,3,95.0,2.67,100.0,2.0,17.5,4.83,4.88,0,1,1,16,12,8,10,12,8,12
5bbb5e3f118c0600013c3202,ai-reliability,2026-07-20T12:05:09.666139+00:00,True,40,['Woman'],head teacher,Native English speaker,Doctoral degree,Several times a day,B,0,18.0,D,1,31.0,C,0,90.0,C,0,86.0,B,0,21.0,D,1,82.0,D,0,61.0,B,0,11.0,C,0,3.0,B,0,80.0,D,0,31.0,D,1,72.0,3,48.83,17.11,65.0,1.25,8.33,4.5,2.75,1,1,1,13,8,5,8,7,9,9
6979f7df3438942e2dd5141e,ai-reliability,2026-07-20T12:07:43.542467+00:00,True,32,['Man'],Software Engineer,Native English speaker,Higher tertiary education degree (Master's level),Several times a day,C,1,96.0,C,0,92.0,C,0,98.0,B,0,37.0,B,0,100.0,D,1,75.0,B,0,62.0,C,1,45.0,A,0,94.0,C,1,77.0,D,0,80.0,D,1,85.0,5,78.42,-4.83,100.0,3.0,11.17,5.0,4.88,0,1,1,29,12,10,8,12,7,10
6a213d191d739202448d3b7d,ai-reliability,2026-07-20T12:18:51.666837+00:00,True,38,['Man'],Lecturer,Native English speaker,Lower tertiary education degree (Bachelor's level),Several times a day,B,0,59.0,C,0,58.0,B,0,61.0,B,0,56.0,B,0,64.0,D,1,61.0,D,0,62.0,B,0,60.0,D,0,59.0,C,1,65.0,B,0,66.0,B,0,66.0,2,61.42,1.9,70.0,-0.62,9.33,2.17,3.88,1,1,1,20,10,8,6,12,1,12
69fbbd287ad72ce563b72cb7,ai-reliability,2026-07-20T12:19:00.002326+00:00,True,31,['Man'],Data analyst,Native English speaker,Higher tertiary education degree (Master's level),Several times a day,B,0,100.0,D,1,100.0,C,0,99.0,C,0,100.0,B,0,100.0,A,0,99.0,B,0,100.0,B,0,100.0,D,0,99.0,B,0,100.0,D,0,100.0,B,0,100.0,1,99.75,0.27,97.5,3.0,9.5,4.0,3.88,1,1,1,24,10,10,9,8,10,8
57c57ea095a3ea00016e5a14,ai-reliability,2026-07-20T12:20:11.863851+00:00,True,38,['Woman'],hairdresser,Native English speaker,Vocational college degree,Several times a day,B,0,89.0,D,1,84.0,D,0,2.0,C,0,31.0,B,0,85.0,B,0,59.0,D,0,63.0,C,1,20.0,A,0,81.0,C,1,34.0,A,1,83.0,C,0,93.0,4,60.33,-7.62,85.0,2.0,12.67,3.33,3.88,1,1,1,21,8,4,9,6,2,10
6a19d16ca6a49d41a36f4f90,ai-reliability,2026-07-20T12:25:37.524713+00:00,True,52,['Man'],Business owner,Native English speaker,Higher tertiary education degree (Master's level),Several times a day,B,0,96.0,C,0,38.0,C,0,62.0,D,1,39.0,B,0,80.0,D,1,64.0,B,0,30.0,D,0,58.0,A,0,95.0,C,1,69.0,B,0,80.0,C,0,69.0,3,65.0,-10.22,67.5,-0.25,12.67,5.0,3.62,1,1,1,17,10,5,10,8,5,8
6a1c62ade144e261ce52fc53,ai-reliability,2026-07-20T12:37:03.803619+00:00,True,27,['Woman'],Health care,Native English speaker,Lower tertiary education degree (Bachelor's level),A few times a week,C,1,100.0,D,1,98.0,C,0,100.0,A,0,100.0,B,0,99.0,D,1,99.0,D,0,98.0,A,0,99.0,D,0,99.0,B,0,98.0,C,0,100.0,B,0,100.0,3,99.17,-0.22,100.0,3.0,11.67,4.0,5.0,1,1,1,26,0,10,12,12,12,12
5ec96e3609117f0a67231842,ai-reliability,2026-07-20T12:39:28.026527+00:00,True,55,['Man'],accounts,Native English speaker,Lower tertiary education degree (Bachelor's level),A few times a month,B,0,100.0,C,0,55.0,B,0,56.0,C,0,57.0,B,0,94.0,B,0,43.0,D,0,57.0,C,1,52.0,D,0,98.0,C,1,100.0,B,0,100.0,C,0,99.0,2,75.92,0.1,70.0,0.38,8.67,4.0,3.12,1,1,1,16,5,6,5,8,2,8
6a00ec1a75c6444a2a6e3d69,ai-reliability,2026-07-20T12:42:04.754160+00:00,True,41,['Man'],Teacher,Native English speaker,Lower tertiary education degree (Bachelor's level),About once a day,A,0,90.0,D,1,59.0,B,0,66.0,B,0,30.0,B,0,87.0,D,1,17.0,D,0,66.0,C,1,28.0,A,0,93.0,C,1,63.0,B,0,91.0,D,1,68.0,5,63.17,-27.71,92.5,2.25,3.0,1.17,3.62,1,1,1,19,8,0,12,7,0,7
677f2415a436ac59cafc20a7,ai-reliability,2026-07-20T12:49:19.010021+00:00,True,21,['Man'],IT specialist ,Fully fluent,Lower tertiary education degree (Bachelor's level),Several times a day,B,0,100.0,B,0,75.0,C,0,72.0,C,0,44.0,B,0,88.0,D,1,37.0,D,0,79.0,B,0,63.0,D,0,87.0,C,1,80.0,B,0,91.0,B,0,33.0,2,70.75,-14.7,55.0,1.62,10.33,3.33,3.38,1,1,1,17,10,8,10,7,6,8
6a0480dac0d46c461e741542,ai-reliability,2026-07-20T12:49:55.194693+00:00,True,50,['Man'],Financial manager,Fully fluent,Higher tertiary education degree (Master's level),Several times a day,A,0,33.0,A,0,65.0,A,1,66.0,B,0,100.0,C,1,98.0,A,0,69.0,A,1,84.0,D,0,95.0,D,0,65.0,C,1,86.0,D,0,83.0,A,0,86.0,4,77.5,9.0,67.5,1.25,13.67,3.83,3.88,0,1,1,16,12,10,12,10,8,12
636cc5fa559ec4d93e272972,ai-reliability,2026-07-20T12:59:09.028328+00:00,True,56,['Man'],Project Manager,Fully fluent,Lower tertiary education degree (Bachelor's level),Several times a day,B,0,73.0,B,0,58.0,B,0,59.0,C,0,49.0,C,1,71.0,D,1,16.0,D,0,44.0,A,0,71.0,D,0,78.0,B,0,45.0,B,0,86.0,B,0,55.0,2,58.75,-18.3,77.5,1.75,8.67,2.83,4.0,1,1,1,19,10,4,10,8,2,8
5eb4547590acf228f8d965ae,ai-reliability,2026-07-20T13:01:53.140824+00:00,True,46,['Woman'],Unable to work,Native English speaker,Upper secondary school / High school,A few times a week,C,1,77.0,C,0,25.0,B,0,65.0,A,0,39.0,B,0,66.0,C,0,40.0,B,0,42.0,D,0,39.0,B,1,70.0,B,0,71.0,C,0,58.0,A,0,35.0,2,52.25,25.5,72.5,2.0,10.0,1.67,3.5,1,1,1,18,12,3,12,9,0,9
6a185f2e5f903801a7899ddd,ai-reliability,2026-07-20T13:02:19.677725+00:00,True,34,['Woman'],Ecologist,Fully fluent,Lower tertiary education degree (Bachelor's level),About once a day,B,0,63.0,D,1,60.0,C,0,62.0,C,0,65.0,B,0,70.0,A,0,59.0,D,0,44.0,A,0,49.0,D,0,57.0,C,1,54.0,B,0,57.0,D,1,58.0,3,58.17,-1.11,70.0,0.62,9.17,3.17,2.75,1,1,1,32,12,8,10,10,6,7
67a9da49f62daef62d4f4d5c,ai-reliability,2026-07-20T13:03:35.332877+00:00,True,32,['Woman'],Information Technology,Fully fluent,Higher tertiary education degree (Master's level),Several times a day,B,0,98.0,C,0,55.0,C,0,98.0,B,0,63.0,B,0,89.0,A,0,61.0,D,0,42.0,C,1,95.0,D,0,100.0,B,0,89.0,D,0,41.0,B,0,77.0,1,75.67,21.09,90.0,2.12,12.0,3.83,3.88,1,1,1,23,10,7,10,10,6,10
665ddc38a270e0c579baf993,ai-reliability,2026-07-20T13:07:24.924718+00:00,True,22,['Man'],Illustrator,Native English speaker,Lower tertiary education degree (Bachelor's level),Never,B,0,78.0,D,1,43.0,C,0,47.0,B,0,36.0,C,1,91.0,D,1,36.0,D,0,42.0,D,0,20.0,D,0,90.0,C,1,65.0,B,0,82.0,D,1,61.0,5,57.58,2.77,55.0,0.75,10.67,4.33,3.0,1,1,1,15,12,12,12,8,4,8
6234a3d5cd2f63c705e5842d,ai-reliability,2026-07-20T13:08:59.822702+00:00,True,53,['Man'],retired software engineer,Native English speaker,Doctoral degree,A few times a week,B,0,75.0,A,0,42.0,C,0,54.0,D,1,23.0,B,0,93.0,D,1,87.0,B,0,84.0,B,0,24.0,D,0,73.0,C,1,58.0,D,0,75.0,C,0,50.0,3,61.5,-7.33,72.5,1.5,8.33,2.83,3.12,1,1,1,14,10,6,9,8,6,8
5edf878332e230257937edd1,ai-reliability,2026-07-20T13:28:40.559578+00:00,True,48,['Man'],Change and Release Analyst,Native English speaker,Lower tertiary education degree (Bachelor's level),Several times a day,B,0,92.0,C,0,23.0,C,0,54.0,D,1,26.0,B,0,99.0,D,1,21.0,B,0,98.0,B,0,38.0,D,0,96.0,B,0,56.0,D,0,91.0,B,0,71.0,2,63.75,-48.3,97.5,2.5,10.67,4.83,4.12,1,1,1,26,12,8,10,8,6,6
69fced1caced4f03469e3287,ai-reliability,2026-07-20T13:28:41.370205+00:00,True,41,['Woman'],nurse,Native English speaker,Lower tertiary education degree (Bachelor's level),Several times a day,B,0,99.0,C,0,100.0,B,0,99.0,A,0,99.0,B,0,98.0,D,1,100.0,D,0,99.0,B,0,96.0,D,0,99.0,C,1,100.0,B,0,100.0,B,0,59.0,2,95.67,5.2,32.5,0.25,11.17,3.17,2.25,1,1,1,42,8,3,12,7,5,7
6a243b3f378e1499259d8683,ai-reliability,2026-07-20T13:28:48.809873+00:00,True,48,['Man'],HEALTHCARE PROFESSIONAL ,Native English speaker,Lower tertiary education degree (Bachelor's level),About once a day,C,1,100.0,C,0,86.0,A,1,92.0,A,0,100.0,B,0,100.0,D,1,95.0,B,0,83.0,C,1,72.0,A,0,100.0,C,1,100.0,D,0,100.0,D,1,100.0,6,94.0,-1.67,82.5,2.75,14.33,3.5,4.5,1,1,1,19,12,9,11,8,5,10
647869e6f69318bacc341d53,ai-reliability,2026-07-20T13:30:26.496798+00:00,True,51,['Woman'],receptionist,Native English speaker,Lower tertiary education degree (Bachelor's level),A few times a week,B,0,75.0,A,0,28.0,D,0,33.0,A,0,44.0,B,0,89.0,D,1,74.0,D,0,73.0,C,1,26.0,D,0,76.0,B,0,55.0,B,0,79.0,A,0,58.0,2,59.17,-11.0,65.0,-0.25,9.0,2.0,2.75,1,1,1,17,10,6,10,8,6,6
6a03636a700eaf3d19f2809a,ai-reliability,2026-07-20T13:30:29.201314+00:00,True,34,['Man'],IT Manager,Native English speaker,Higher tertiary education degree (Master's level),Several times a day,B,0,100.0,C,0,98.0,B,0,100.0,D,1,100.0,C,1,99.0,D,1,98.0,A,1,98.0,C,1,98.0,A,0,100.0,B,0,100.0,D,0,100.0,B,0,100.0,5,99.25,-1.11,100.0,3.0,9.17,4.33,4.75,1,1,1,14,12,8,12,12,8,12
5e1da370b734b411521e22ed,ai-reliability,2026-07-20T13:38:49.573594+00:00,True,33,['Woman'],Business analyst,Native English speaker,Lower tertiary education degree (Bachelor's level),Several times a day,C,1,68.0,C,0,47.0,C,0,48.0,A,0,50.0,C,1,64.0,D,1,39.0,D,0,49.0,B,0,44.0,D,0,70.0,C,1,56.0,B,0,88.0,B,0,44.0,4,55.58,1.75,87.5,0.38,7.17,5.0,3.12,1,1,1,13,9,3,5,6,9,11
61505373bc903980a66ab1e1,ai-reliability,2026-07-20T13:40:10.581235+00:00,True,47,['Woman'],middle manager,Native English speaker,Vocational college degree,Several times a day,B,0,72.0,C,0,44.0,B,0,79.0,B,0,59.0,B,0,87.0,D,1,42.0,B,0,68.0,A,0,89.0,D,0,75.0,C,1,76.0,B,0,76.0,B,0,76.0,2,70.25,-13.5,97.5,2.0,9.33,4.5,4.25,1,1,1,26,10,7,12,8,5,10
6a1ab9e31755a18be4c11991,ai-reliability,2026-07-20T13:45:25.545922+00:00,True,29,['Woman'],Marketing and Communications Specialist,Native English speaker,Lower tertiary education degree (Bachelor's level),Several times a day,B,0,97.0,D,1,96.0,D,0,95.0,D,1,98.0,B,0,99.0,D,1,98.0,D,0,99.0,B,0,98.0,D,0,100.0,B,0,94.0,B,0,99.0,D,1,85.0,4,96.5,-3.38,97.5,2.5,9.5,1.17,4.38,1,1,1,14,12,10,12,12,8,12
69f3c29f7f3969d3695109a8,ai-reliability,2026-07-20T13:48:47.623366+00:00,True,34,['Woman'],Homemaker,Fully fluent,Lower tertiary education degree (Bachelor's level),Several times a day,B,0,94.0,B,0,61.0,B,0,74.0,D,1,100.0,B,0,79.0,B,0,53.0,B,0,69.0,B,0,85.0,D,0,88.0,C,1,74.0,B,0,47.0,B,0,91.0,2,76.25,12.9,65.0,1.88,8.5,3.17,2.75,1,1,1,18,10,8,10,9,7,9
656f0ce82c0ba5e95ad58a03,ai-reliability,2026-07-20T13:54:27.694184+00:00,True,22,['Man'],Student ,Native English speaker,Lower tertiary education degree (Bachelor's level),A few times a week,B,0,77.0,B,0,26.0,B,0,67.0,D,1,29.0,B,0,92.0,D,1,39.0,D,0,61.0,A,0,18.0,A,0,91.0,C,1,69.0,B,0,91.0,C,0,68.0,3,60.67,-20.0,87.5,2.62,6.5,2.33,4.38,1,1,1,21,12,3,12,8,3,9
60b932147633bf0dd446941e,ai-reliability,2026-07-20T13:57:01.045973+00:00,True,51,['Man'],unemployed,Native English speaker,Upper secondary school / High school,Several times a day,D,0,36.0,C,0,21.0,C,0,44.0,D,1,34.0,B,0,61.0,A,0,43.0,D,0,56.0,C,1,45.0,D,0,7.0,C,1,42.0,C,0,20.0,A,0,9.0,3,34.83,7.33,82.5,1.12,6.67,4.0,3.25,1,0,1,22,6,5,2,8,5,9
6a019c3cc3985370727003c9,ai-reliability,2026-07-20T14:00:43.900265+00:00,True,32,['Man'],Marketer,Native English speaker,Upper secondary school / High school,Several times a day,B,0,88.0,C,0,83.0,B,0,68.0,D,1,94.0,B,0,89.0,D,1,85.0,B,0,86.0,B,0,85.0,A,0,89.0,C,1,87.0,C,0,88.0,B,0,84.0,3,85.5,4.22,100.0,1.75,11.17,2.33,4.38,1,1,1,14,10,8,10,10,8,10
5d48ae562c8b78001a16088d,ai-reliability,2026-07-20T14:08:49.272756+00:00,True,48,['Woman'],Therapist,Native English speaker,Higher tertiary education degree (Master's level),A few times a week,A,0,76.0,B,0,37.0,B,0,61.0,D,1,36.0,B,0,81.0,D,1,84.0,D,0,64.0,C,1,39.0,D,0,83.0,B,0,52.0,D,0,82.0,B,0,63.0,3,63.17,-13.56,75.0,0.88,9.0,4.0,3.0,1,1,1,18,10,9,9,9,8,9
5d35c29a467d18001981d677,ai-reliability,2026-07-20T14:15:01.966441+00:00,True,27,['Man'],Student,Native English speaker,Lower tertiary education degree (Bachelor's level),A few times a week,B,0,91.0,C,0,13.0,B,0,16.0,D,1,51.0,B,0,87.0,B,0,91.0,D,0,47.0,C,1,25.0,D,0,59.0,C,1,49.0,B,0,75.0,B,0,66.0,3,55.83,-18.89,50.0,0.12,9.17,2.33,3.25,1,1,1,35,8,4,6,6,3,7
603b9be389c6cf7d0dd74fd1,ai-reliability,2026-07-20T14:15:16.245072+00:00,True,39,['Man'],Train Guard,Native English speaker,Vocational college degree,About once a week,B,0,98.0,A,0,18.0,B,0,85.0,D,1,23.0,C,1,92.0,B,0,21.0,B,0,59.0,C,1,22.0,D,0,92.0,B,0,59.0,D,0,88.0,B,0,58.0,3,59.58,-18.56,92.5,0.0,6.33,1.83,2.62,1,1,1,20,10,6,8,7,2,7
6a08c850e3be322170e22d6f,ai-reliability,2026-07-20T14:18:12.913342+00:00,True,31,['Woman'],Business Support,Native English speaker,Vocational college degree,About once a day,B,0,76.0,C,0,69.0,C,0,98.0,D,1,43.0,B,0,85.0,D,1,82.0,D,0,60.0,B,0,16.0,D,0,42.0,C,1,59.0,B,0,65.0,C,0,61.0,3,63.0,-2.22,42.5,-0.12,11.33,4.0,2.25,1,1,1,13,12,8,11,7,4,7
6130c7f7d0112fa23b17079c,ai-reliability,2026-07-20T14:29:15.508317+00:00,True,26,['Woman'],Unemployed,Native English speaker,Higher tertiary education degree (Master's level),A few times a month,B,0,58.0,A,0,24.0,B,0,8.0,B,0,16.0,B,0,82.0,D,1,51.0,D,0,16.0,C,1,11.0,D,0,86.0,B,0,22.0,B,0,61.0,C,0,62.0,2,41.42,-12.5,72.5,1.0,14.33,1.0,3.0,1,1,1,40,8,2,7,4,0,3
69f332f70c69cf198ed920ee,ai-reliability,2026-07-20T14:37:20.223785+00:00,True,19,['Woman'],Student,Native English speaker,Upper secondary school / High school,A few times a week,B,0,86.0,A,0,15.0,B,0,42.0,B,0,66.0,B,0,69.0,D,1,11.0,B,0,40.0,D,0,2.0,A,0,76.0,C,1,62.0,B,0,40.0,B,0,31.0,2,45.0,-10.2,85.0,1.62,8.33,4.33,4.25,1,1,1,18,12,5,11,8,2,6
6a0329b483b7cb1ca6763ffe,ai-reliability,2026-07-20T14:41:06.535141+00:00,True,34,['Man'],HR Manager,Native English speaker,Higher tertiary education degree (Master's level),About once a day,B,0,83.0,D,1,84.0,C,0,72.0,D,1,84.0,B,0,79.0,A,0,93.0,D,0,65.0,A,0,85.0,A,0,89.0,B,0,44.0,A,1,90.0,B,0,13.0,3,73.42,16.78,90.0,1.88,12.17,2.17,3.5,1,1,1,14,12,2,12,7,6,6
695c0670de1faedbce882831,ai-reliability,2026-07-20T14:45:21.591621+00:00,True,31,['Man'],Software Designer,Native English speaker,Lower tertiary education degree (Bachelor's level),Several times a day,B,0,96.0,C,0,100.0,B,0,99.0,A,0,82.0,B,0,100.0,D,1,72.0,B,0,59.0,D,0,94.0,D,0,100.0,C,1,81.0,D,0,40.0,B,0,96.0,2,84.92,-10.1,45.0,-0.75,9.5,4.83,2.75,1,1,1,22,12,6,12,8,5,6
62b44f66a16d45783569fad6,ai-reliability,2026-07-20T14:47:06.489479+00:00,True,33,['Man'],Educational Support Analyst,Native English speaker,Lower tertiary education degree (Bachelor's level),A few times a week,B,0,100.0,D,1,64.0,B,0,100.0,D,1,100.0,B,0,100.0,B,0,95.0,B,0,92.0,B,0,34.0,D,0,67.0,B,0,93.0,B,0,70.0,B,0,8.0,2,76.92,6.1,92.5,2.0,12.0,4.0,4.62,1,1,1,37,10,7,9,10,6,8
5ae82944a0e4390001f090fd,ai-reliability,2026-07-20T14:54:38.202442+00:00,True,47,['Woman'],HR Manager/Creative writer,Native English speaker,Lower tertiary education degree (Bachelor's level),Several times a day,C,1,82.0,A,0,58.0,C,0,84.0,D,1,59.0,B,0,73.0,A,0,72.0,D,0,97.0,A,0,59.0,A,0,97.0,C,1,98.0,C,0,97.0,D,1,97.0,4,81.08,4.38,87.5,1.88,10.33,3.67,4.25,1,1,1,16,9,6,12,7,2,9
63d53d150a864eb06120bb88,ai-reliability,2026-07-20T14:59:39.151398+00:00,True,34,['Woman'],Authorised officer of a Local Authority,Native English speaker,Higher tertiary education degree (Master's level),Several times a day,B,0,41.0,C,0,62.0,C,0,44.0,D,1,39.0,B,0,45.0,B,0,42.0,B,0,22.0,B,0,26.0,D,0,47.0,C,1,29.0,B,0,37.0,C,0,45.0,2,39.92,-7.1,55.0,-0.38,6.33,2.83,3.25,1,1,1,19,12,6,12,8,0,10
6a02840904eed4f800acaf95,ai-reliability,2026-07-20T15:00:18.321809+00:00,True,27,['Woman'],Student,Native English speaker,Lower tertiary education degree (Bachelor's level),Less than once a month,C,1,78.0,C,0,39.0,B,0,60.0,D,1,44.0,C,1,76.0,D,1,94.0,C,0,59.0,B,0,40.0,D,0,85.0,B,0,61.0,D,0,71.0,B,0,61.0,4,64.0,13.5,70.0,0.25,9.67,2.0,2.75,1,1,1,13,12,9,12,10,8,10
6a1ca28f39a714391ec26ae5,ai-reliability,2026-07-20T15:06:17.886696+00:00,True,33,['Man'],Campaign Delivery,Native English speaker,Lower tertiary education degree (Bachelor's level),About once a day,B,0,80.0,B,0,47.0,B,0,40.0,C,0,61.0,B,0,90.0,D,1,87.0,D,0,88.0,B,0,72.0,A,0,88.0,B,0,66.0,D,0,92.0,C,0,57.0,1,72.33,16.0,70.0,-0.38,10.33,3.0,2.25,1,1,1,18,12,12,0,10,12,8
69f63441f6c4dbf4138036ee,ai-reliability,2026-07-20T15:13:23.696991+00:00,True,36,['Man'],customer service manager,Native English speaker,Upper secondary school / High school,Several times a day,B,0,91.0,C,0,53.0,B,0,81.0,B,0,42.0,B,0,100.0,A,0,26.0,D,0,64.0,B,0,23.0,D,0,69.0,B,0,25.0,B,0,100.0,D,1,81.0,1,62.92,19.73,90.0,1.25,8.33,3.33,3.88,1,1,1,20,12,6,12,8,2,8
59a722657a657b0001aae223,ai-reliability,2026-07-20T15:14:29.106132+00:00,True,39,['Woman'],Senior Compliance Analyst,Native English speaker,Vocational college degree,About once a day,B,0,75.0,A,0,22.0,B,0,85.0,A,0,32.0,B,0,81.0,D,1,78.0,B,0,80.0,C,1,27.0,D,0,87.0,B,0,86.0,B,0,86.0,D,1,79.0,3,68.17,-9.11,87.5,2.12,9.33,4.17,4.25,1,1,1,17,9,7,8,6,3,7
6731b77af6e8e00a06ffa7ee,ai-reliability,2026-07-20T15:15:30.960548+00:00,True,39,['Man'],Cybersecurity Analyst,Fully fluent,Higher tertiary education degree (Master's level),Several times a day,C,1,73.0,C,0,72.0,C,0,80.0,C,0,66.0,B,0,46.0,B,0,82.0,D,0,69.0,B,0,61.0,D,0,49.0,B,0,81.0,B,0,74.0,C,0,70.0,1,68.58,4.82,67.5,1.88,9.83,3.33,3.5,1,1,1,15,10,5,10,7,6,8
6a1d926a6d8b19bb96fa8054,ai-reliability,2026-07-20T15:16:24.182442+00:00,True,39,['Man'],Software Engineer,Native English speaker,Lower tertiary education degree (Bachelor's level),Several times a day,B,0,59.0,C,0,45.0,B,0,57.0,A,0,56.0,B,0,100.0,D,1,99.0,D,0,83.0,B,0,83.0,A,0,61.0,B,0,55.0,B,0,70.0,C,0,71.0,1,69.92,31.73,75.0,0.88,9.0,3.33,3.12,1,1,1,14,12,8,4,8,4,6
609ac2fa3340da7e2c5557ee,ai-reliability,2026-07-20T15:24:29.043883+00:00,True,39,['Woman'],Administrator,Native English speaker,Lower tertiary education degree (Bachelor's level),A few times a month,A,0,20.0,C,0,51.0,B,0,27.0,D,1,47.0,B,0,65.0,C,0,93.0,B,0,78.0,B,0,7.0,D,0,84.0,C,1,86.0,B,0,79.0,A,0,61.0,2,58.17,10.0,75.0,0.12,10.83,3.83,2.88,1,1,1,33,12,8,12,7,2,6
6a12f8b2075822430f96d6e6,ai-reliability,2026-07-20T15:28:35.824952+00:00,True,54,['Man'],Frontend Developer,Native English speaker,Higher tertiary education degree (Master's level),Several times a day,B,0,41.0,B,0,57.0,B,0,42.0,D,1,79.0,B,0,98.0,D,1,94.0,D,0,80.0,B,0,92.0,D,0,2.0,B,0,3.0,D,0,94.0,D,1,74.0,3,63.0,25.78,65.0,2.12,11.67,3.83,4.0,1,1,1,23,10,7,8,10,12,9
6a1d422c5cd5b69b949f3d4f,ai-reliability,2026-07-20T15:29:10.574612+00:00,True,40,['Man'],Data Scientist,Native English speaker,Lower tertiary education degree (Bachelor's level),Several times a day,D,0,80.0,D,1,18.0,B,0,59.0,D,1,67.0,C,1,100.0,D,1,83.0,D,0,67.0,C,1,77.0,D,0,82.0,A,0,27.0,B,0,98.0,C,0,83.0,5,70.08,-1.86,45.0,-1.12,12.67,4.33,3.5,1,1,1,15,12,10,8,12,8,10
6a1878f047ada5b4889358bc,ai-reliability,2026-07-20T15:40:13.624875+00:00,True,18,['Woman'],Student,Native English speaker,Upper secondary school / High school,A few times a week,B,0,53.0,D,1,77.0,B,0,34.0,C,0,31.0,B,0,87.0,D,1,51.0,B,0,63.0,C,1,35.0,D,0,89.0,B,0,43.0,D,0,54.0,B,0,56.0,3,56.08,-2.33,52.5,0.5,11.5,3.0,2.88,1,1,1,61,8,4,10,4,3,5
5ce031fc7f65ee001a985a6b,ai-reliability,2026-07-20T16:02:43.163425+00:00,True,26,['Woman'],hr admin,Native English speaker,Upper secondary school / High school,Several times a day,D,0,100.0,B,0,81.0,C,0,63.0,C,0,67.0,B,0,82.0,B,0,84.0,A,1,42.0,C,1,61.0,D,0,97.0,B,0,84.0,B,0,81.0,D,1,54.0,3,74.67,-29.78,47.5,0.38,12.5,2.33,2.75,1,1,1,17,6,6,12,8,4,10
5ca356cb72a23200160ce912,ai-reliability,2026-07-21T09:02:09.695316+00:00,True,43,['Woman'],Assistant Facilities Manager,Native English speaker,Upper secondary school / High school,About once a week,B,0,95.0,B,0,14.0,C,0,41.0,A,0,75.0,B,0,99.0,A,0,76.0,D,0,51.0,A,0,19.0,D,0,71.0,B,0,75.0,B,0,43.0,B,0,49.0,0,59.0,,70.0,0.75,12.0,3.17,2.75,1,1,1,15,10,4,9,6,2,10
66d5b98153700fd933371467,ai-reliability,2026-07-21T09:08:42.822726+00:00,True,61,['Woman'],Tema leader online bingo,Native English speaker,Higher tertiary education degree (Master's level),About once a day,B,0,100.0,C,0,100.0,B,0,84.0,D,1,91.0,B,0,88.0,D,1,43.0,B,0,44.0,C,1,91.0,D,0,82.0,C,1,94.0,B,0,100.0,B,0,63.0,4,81.67,-2.88,65.0,-0.12,13.17,2.5,4.12,0,1,1,16,10,5,12,10,3,10
6a21a57078af3e9063c328ff,ai-reliability,2026-07-21T09:13:43.685815+00:00,True,29,['Man'],Front Desk Support,Native English speaker,Higher tertiary education degree (Master's level),About once a day,B,0,99.0,C,0,99.0,B,0,99.0,A,0,96.0,B,0,100.0,B,0,100.0,B,0,100.0,C,1,96.0,D,0,98.0,C,1,100.0,D,0,98.0,B,0,98.0,2,98.58,-0.7,67.5,2.25,15.0,4.33,4.38,1,1,1,19,10,8,11,10,8,10
69fdaf9d85430102ab57d442,ai-reliability,2026-07-21T09:15:41.482810+00:00,True,32,['Woman'],Record Label Owner,Native English speaker,Lower tertiary education degree (Bachelor's level),A few times a week,A,0,65.0,B,0,46.0,B,0,45.0,C,0,42.0,B,0,66.0,B,0,81.0,A,1,73.0,C,1,58.0,D,0,61.0,C,1,62.0,B,0,42.0,B,0,58.0,3,58.25,8.11,80.0,-0.5,7.83,3.67,3.62,1,1,1,22,10,8,6,8,6,0
67139698ab79b82f8afd1e93,ai-reliability,2026-07-21T09:16:35.830632+00:00,True,31,['Man'],manager,Native English speaker,Higher tertiary education degree (Master's level),About once a day,B,0,94.0,D,1,95.0,C,0,88.0,B,0,93.0,B,0,87.0,A,0,86.0,D,0,80.0,B,0,82.0,D,0,88.0,C,1,90.0,D,0,90.0,B,0,92.0,2,88.75,4.5,87.5,1.38,11.33,4.33,4.0,1,1,1,15,9,8,5,12,10,9
5e909d6c5321c13abee11725,ai-reliability,2026-07-21T09:20:43.607733+00:00,True,37,['Woman'],Education manager,Native English speaker,Lower tertiary education degree (Bachelor's level),Several times a day,D,0,63.0,D,1,5.0,B,0,53.0,A,0,70.0,B,0,67.0,B,0,11.0,D,0,40.0,A,0,18.0,C,0,77.0,C,1,38.0,D,0,85.0,B,0,64.0,2,49.25,-33.3,100.0,1.88,6.5,3.0,4.0,1,1,1,14,10,10,7,8,5,9
602566f8b47a130ae1d2f94b,ai-reliability,2026-07-21T09:26:53.751963+00:00,True,27,['Woman'],Psychology,Native English speaker,Higher tertiary education degree (Master's level),A few times a month,C,1,8.0,D,1,25.0,C,0,5.0,C,0,13.0,C,1,43.0,A,0,12.0,C,0,32.0,C,1,9.0,C,0,30.0,B,0,55.0,D,0,34.0,C,0,28.0,4,24.5,-4.88,87.5,0.12,7.67,3.17,2.12,1,1,1,16,8,4,2,4,1,4
65bbf83dbe0f27e1a871bf48,ai-reliability,2026-07-21T09:31:46.632744+00:00,True,32,['Man'],Environmental Advisor,Native English speaker,Lower tertiary education degree (Bachelor's level),About once a day,B,0,57.0,C,0,75.0,D,0,26.0,B,0,89.0,B,0,83.0,D,1,39.0,D,0,72.0,A,0,80.0,A,0,100.0,B,0,43.0,D,0,70.0,B,0,37.0,1,64.25,-27.55,57.5,-0.38,7.33,3.67,2.5,1,1,1,16,12,10,12,7,2,8
5ba33d995196c600014853b6,ai-reliability,2026-07-21T09:37:01.323956+00:00,True,55,['Man'],fishing tutor,Native English speaker,Lower tertiary education degree (Bachelor's level),About once a day,B,0,92.0,C,0,80.0,B,0,55.0,A,0,37.0,B,0,95.0,D,1,100.0,D,0,89.0,C,1,52.0,D,0,89.0,C,1,84.0,C,0,80.0,B,0,74.0,3,77.25,1.89,90.0,1.5,8.5,4.17,4.12,1,1,1,23,12,10,12,12,8,8
6a00bcb801abd80f812f7c4b,ai-reliability,2026-07-21T09:42:28.151351+00:00,True,42,['Man'],Customer Relationship Manager,Native English speaker,Lower tertiary education degree (Bachelor's level),Several times a day,B,0,100.0,B,0,100.0,C,0,51.0,B,0,69.0,B,0,100.0,D,1,100.0,B,0,82.0,B,0,100.0,D,0,100.0,C,1,94.0,D,0,96.0,C,0,80.0,2,89.33,9.2,90.0,2.25,9.83,4.67,4.88,0,1,1,27,12,10,12,12,8,12
69ee2a86be2657dd6b52f0dc,ai-reliability,2026-07-21T09:46:41.662726+00:00,True,38,['Woman'],customer service,Native English speaker,Upper secondary school / High school,About once a day,D,0,92.0,A,0,95.0,B,0,92.0,C,0,96.0,B,0,91.0,D,1,92.0,B,0,91.0,C,1,94.0,D,0,93.0,C,1,96.0,D,0,94.0,D,1,96.0,4,93.5,1.5,35.0,-0.75,12.5,3.5,2.25,1,1,1,26,0,12,0,12,12,6
6a0de69c307d0b81b5a95bf9,ai-reliability,2026-07-21T09:50:40.051829+00:00,True,33,['Woman'],I am a business owner,Native English speaker,Lower tertiary education degree (Bachelor's level),About once a day,C,1,79.0,A,0,34.0,B,0,55.0,D,1,89.0,B,0,93.0,D,1,94.0,D,0,26.0,B,0,43.0,D,0,84.0,C,1,58.0,B,0,73.0,C,0,49.0,4,64.75,22.88,97.5,2.62,11.0,3.0,4.38,1,1,1,15,12,12,9,12,12,12
6a2409cf2b45d40f46952ea2,ai-reliability,2026-07-21T09:52:58.696462+00:00,True,61,['Man'],IT manager,Native English speaker,Lower tertiary education degree (Bachelor's level),About once a week,B,0,89.0,D,1,57.0,B,0,60.0,A,0,35.0,B,0,85.0,D,1,29.0,D,0,59.0,A,0,27.0,D,0,90.0,B,0,65.0,B,0,75.0,B,0,59.0,2,60.83,-21.4,75.0,1.0,6.5,4.0,3.38,1,1,1,19,12,2,12,10,2,5
6a2213047c98121dd4e08cfe,ai-reliability,2026-07-21T09:55:50.459753+00:00,True,33,['Woman'],Lawyer,Native English speaker,Lower tertiary education degree (Bachelor's level),Several times a day,C,1,43.0,A,0,44.0,C,0,41.0,D,1,43.0,B,0,87.0,B,0,23.0,B,0,45.0,B,0,30.0,A,0,82.0,D,0,41.0,D,0,81.0,B,0,34.0,2,49.5,-7.8,82.5,0.88,14.67,3.67,4.25,1,1,1,17,10,6,7,6,4,10
63beebaa4c5884797ff00a98,ai-reliability,2026-07-21T09:58:04.534062+00:00,True,75,['Woman'],retired,Native English speaker,Upper secondary school / High school,Less than once a month,C,1,67.0,A,0,33.0,B,0,55.0,A,0,68.0,B,0,90.0,A,0,57.0,B,0,60.0,C,1,67.0,A,0,66.0,D,0,58.0,B,0,70.0,B,0,37.0,2,60.67,7.6,77.5,0.5,10.5,2.0,2.62,1,1,1,17,7,5,7,7,5,7
6a25d388fec497bcb43cbf44,ai-reliability,2026-07-21T09:58:32.760787+00:00,True,39,['Man'],Human Recources,Native English speaker,Lower tertiary education degree (Bachelor's level),Several times a day,B,0,99.0,D,1,95.0,C,0,96.0,A,0,97.0,B,0,97.0,D,1,100.0,B,0,98.0,B,0,100.0,D,0,98.0,C,1,97.0,C,0,98.0,D,1,97.0,4,97.67,-0.62,50.0,0.0,9.33,3.0,3.0,1,0,1,14,12,12,9,12,12,8
69fcc5eb8c8ed4f5ace0d917,ai-reliability,2026-07-21T10:04:52.291787+00:00,True,35,['Man'],Unemployed,Native English speaker,Upper secondary school / High school,A few times a week,B,0,81.0,C,0,25.0,B,0,55.0,D,1,51.0,B,0,93.0,A,0,18.0,D,0,61.0,C,1,16.0,D,0,91.0,C,1,63.0,D,0,77.0,B,0,60.0,3,57.58,-19.0,85.0,0.0,9.83,3.83,3.75,1,1,1,19,10,7,9,9,3,8
6a12071b383cff537e09f28b,ai-reliability,2026-07-21T10:07:22.114940+00:00,True,38,['Woman'],Customer Advisor,Native English speaker,Upper secondary school / High school,A few times a week,C,1,86.0,C,0,13.0,B,0,30.0,D,1,86.0,B,0,72.0,A,0,20.0,D,0,51.0,A,0,31.0,D,0,90.0,C,1,58.0,D,0,78.0,D,1,79.0,4,57.83,29.12,80.0,1.38,10.83,2.83,4.12,1,1,1,24,7,2,12,7,2,10
60d35fa71e56e17e064c2c1e,ai-reliability,2026-07-21T10:12:00.030920+00:00,True,24,['Man'],medicine,Native English speaker,Lower tertiary education degree (Bachelor's level),Several times a day,B,0,73.0,B,0,66.0,B,0,76.0,C,0,77.0,B,0,89.0,B,0,79.0,B,0,73.0,B,0,83.0,D,0,79.0,C,1,62.0,D,0,78.0,B,0,74.0,1,75.75,-15.0,55.0,0.12,9.83,4.5,1.5,1,1,1,17,6,6,7,10,6,6
58ff31a1d10e2b000108579e,ai-reliability,2026-07-21T10:16:04.747841+00:00,True,58,['Man'],Freelance IT,Native English speaker,Doctoral degree,A few times a month,C,1,87.0,C,0,46.0,C,0,76.0,C,0,53.0,C,1,94.0,D,1,93.0,D,0,63.0,B,0,31.0,D,0,65.0,C,1,67.0,B,0,91.0,B,0,5.0,4,64.25,31.5,35.0,-1.12,12.0,3.33,2.38,1,1,1,19,6,10,6,6,0,6
6a1f0c595bd98a080100d47f,ai-reliability,2026-07-21T10:17:03.534109+00:00,True,35,['Woman'],Supply Chain Consultant,Native English speaker,Lower tertiary education degree (Bachelor's level),Several times a day,A,0,81.0,C,0,65.0,D,0,82.0,A,0,85.0,C,1,85.0,C,0,98.0,D,0,73.0,C,1,89.0,B,1,72.0,B,0,74.0,B,0,78.0,B,0,62.0,3,78.67,4.44,92.5,1.5,12.83,3.67,3.12,1,1,1,46,10,6,6,9,3,9
6a15d2732cabece02074c924,ai-reliability,2026-07-21T10:20:15.996950+00:00,True,26,['Woman'],Administrative Assistant,Native English speaker,Higher tertiary education degree (Master's level),About once a week,C,1,76.0,C,0,55.0,B,0,79.0,D,1,71.0,B,0,96.0,D,1,95.0,B,0,75.0,B,0,19.0,D,0,80.0,B,0,7.0,B,0,5.0,B,0,28.0,3,57.17,31.33,62.5,0.88,8.67,2.67,3.12,1,0,1,15,8,4,6,6,3,1
69ea3ae0cebb94ec4126d00d,ai-reliability,2026-07-21T10:27:07.536214+00:00,True,24,['Man'],tech,Native English speaker,Lower tertiary education degree (Bachelor's level),About once a day,B,0,13.0,B,0,1.0,B,0,7.0,D,1,17.0,B,0,73.0,A,0,26.0,D,0,32.0,B,0,11.0,D,0,5.0,B,0,26.0,B,0,22.0,B,0,16.0,1,20.75,-4.09,85.0,1.5,8.83,4.0,4.0,1,1,1,16,12,3,12,6,3,7
60b3a96992ed9ff79208cd7a,ai-reliability,2026-07-21T10:34:36.651919+00:00,True,24,['Man'],it analyst,Native English speaker,Lower tertiary education degree (Bachelor's level),A few times a week,D,0,76.0,C,0,75.0,D,0,31.0,D,1,72.0,D,0,64.0,A,0,3.0,A,1,77.0,D,0,0.0,D,0,100.0,B,0,45.0,D,0,80.0,A,0,77.0,2,58.33,19.4,40.0,1.38,9.33,3.0,3.62,1,1,1,13,10,8,3,5,9,10
69f32784fdfdfa574a4ce7a5,ai-reliability,2026-07-21T10:35:11.124530+00:00,True,28,['Man'],musician,Native English speaker,Lower tertiary education degree (Bachelor's level),A few times a week,D,0,73.0,C,0,70.0,A,1,30.0,C,0,67.0,B,0,100.0,D,1,89.0,D,0,85.0,D,0,86.0,D,0,78.0,C,1,58.0,B,0,100.0,B,0,98.0,3,77.83,-25.11,75.0,0.12,8.5,3.83,3.12,1,1,1,19,12,6,10,8,5,3
697ce85c6bc7a3ecc8d3a36b,ai-reliability,2026-07-21T10:35:19.789109+00:00,True,45,['Man'],clerical admin,Native English speaker,Upper secondary school / High school,Several times a day,C,1,97.0,C,0,64.0,C,0,10.0,B,0,36.0,B,0,5.0,B,0,78.0,D,0,3.0,D,0,0.0,D,0,71.0,C,1,56.0,C,0,72.0,B,0,81.0,2,47.75,34.5,50.0,0.0,11.5,3.33,3.75,1,1,0,20,8,5,1,5,2,6
69fa1661524487df9d12bcd3,ai-reliability,2026-07-21T10:37:52.809218+00:00,True,30,['Man'],Data Engineer,Native English speaker,Lower tertiary education degree (Bachelor's level),Several times a day,B,0,90.0,C,0,49.0,B,0,59.0,C,0,45.0,B,0,99.0,B,0,84.0,D,0,91.0,C,1,76.0,A,0,87.0,C,1,67.0,B,0,89.0,B,0,45.0,2,73.42,-2.3,97.5,1.5,9.67,4.83,3.0,1,1,1,20,9,6,8,8,2,6
69e6ca5cda0abb6476671ca3,ai-reliability,2026-07-21T10:39:20.754436+00:00,True,18,['Man'],Student,Native English speaker,Vocational college degree,A few times a week,D,0,81.0,C,0,42.0,B,0,75.0,A,0,53.0,B,0,100.0,D,1,68.0,D,0,65.0,B,0,42.0,D,0,74.0,B,0,41.0,B,0,86.0,B,0,98.0,1,68.75,-0.82,90.0,2.25,6.83,4.0,3.5,1,1,1,31,10,7,8,8,5,8
6a0377ab9f56f6356a06f3ec,ai-reliability,2026-07-21T10:42:48.495407+00:00,True,32,['Man'],road worker,Native English speaker,Vocational college degree,A few times a week,A,0,98.0,C,0,97.0,B,0,100.0,A,0,95.0,C,1,98.0,A,0,97.0,D,0,97.0,C,1,99.0,A,0,98.0,B,0,96.0,D,0,96.0,D,1,98.0,3,97.42,1.22,95.0,3.0,10.83,5.0,4.88,1,1,1,16,12,12,6,10,4,12
69e7635ed757a3fa3d7ecef5,ai-reliability,2026-07-21T10:44:42.568771+00:00,True,32,['Man'],mechanical engineer ,Native English speaker,Lower tertiary education degree (Bachelor's level),About once a day,C,1,63.0,A,0,49.0,B,0,77.0,B,0,66.0,B,0,79.0,A,0,89.0,B,0,82.0,C,1,99.0,D,0,87.0,B,0,43.0,D,0,49.0,B,0,49.0,2,69.33,14.0,90.0,2.5,7.5,4.33,3.75,1,1,1,28,10,7,8,10,5,9
69f0facfb34205fe685cfb63,ai-reliability,2026-07-21T10:44:54.379110+00:00,True,26,['Man'],Travel agent,Native English speaker,Lower tertiary education degree (Bachelor's level),About once a day,B,0,96.0,B,0,86.0,D,0,73.0,D,1,21.0,B,0,58.0,A,0,88.0,D,0,67.0,A,0,34.0,D,0,96.0,A,0,89.0,D,0,58.0,B,0,79.0,1,70.42,-53.91,65.0,2.62,12.33,4.67,3.38,0,0,1,14,6,2,9,7,2,8
6a22c3eb4725e325fd168a95,ai-reliability,2026-07-21T10:52:04.137331+00:00,True,33,['Woman'],Unemployed,Native English speaker,Upper secondary school / High school,Never,C,1,45.0,D,1,51.0,B,0,33.0,B,0,8.0,B,0,88.0,D,1,88.0,D,0,28.0,C,1,34.0,D,0,42.0,C,1,22.0,B,0,10.0,B,0,20.0,5,39.08,15.29,50.0,-1.12,9.17,3.33,2.0,1,1,1,17,6,5,12,6,3,6
6a1d90acdbc882a935904998,ai-reliability,2026-07-21T10:59:54.833081+00:00,True,37,['Man'],IT Engineer,Native English speaker,Upper secondary school / High school,Several times a day,B,0,77.0,D,1,82.0,C,0,76.0,D,1,81.0,B,0,85.0,D,1,84.0,A,1,81.0,A,0,74.0,D,0,86.0,B,0,81.0,B,0,82.0,A,0,79.0,4,80.67,2.0,67.5,0.5,10.33,3.0,3.62,1,1,1,18,10,7,12,10,8,3
6a00de0fef1ab5f141829594,ai-reliability,2026-07-21T11:04:44.353681+00:00,True,31,['Man'],self-employed,Native English speaker,Lower tertiary education degree (Bachelor's level),A few times a week,D,0,78.0,C,0,48.0,B,0,75.0,B,0,78.0,B,0,99.0,A,0,100.0,D,0,96.0,C,1,97.0,D,0,90.0,B,0,74.0,D,0,90.0,B,0,57.0,1,81.83,16.55,82.5,1.25,7.67,3.5,3.5,1,0,1,26,11,3,7,8,4,4
6a0fa4d0752408b8b9e0ed8d,ai-reliability,2026-07-21T11:08:38.707326+00:00,True,28,['Man'],Unemployed,Native English speaker,Upper secondary school / High school,About once a day,D,0,59.0,C,0,85.0,D,0,83.0,A,0,62.0,B,0,79.0,D,1,82.0,B,0,59.0,B,0,27.0,C,0,86.0,B,0,64.0,D,0,98.0,C,0,55.0,1,69.92,13.18,82.5,0.5,10.5,1.67,3.88,1,1,1,20,10,9,8,7,10,6
6a158d6cdc77d53781df91dd,ai-reliability,2026-07-21T11:11:36.835216+00:00,True,38,['Man'],Software engineer,Native English speaker,Lower tertiary education degree (Bachelor's level),Several times a day,B,0,58.0,B,0,67.0,C,0,59.0,B,0,69.0,B,0,83.0,D,1,80.0,B,0,85.0,D,0,85.0,A,0,79.0,B,0,79.0,C,0,83.0,B,0,74.0,1,75.08,5.36,47.5,0.25,12.0,3.33,2.62,1,1,1,35,8,1,9,11,4,7
6a0f3f3bcf45b31c84254187,ai-reliability,2026-07-21T11:13:59.912341+00:00,True,19,['Woman'],Student,Native English speaker,Lower tertiary education degree (Bachelor's level),A few times a week,B,0,82.0,A,0,56.0,C,0,66.0,C,0,65.0,B,0,81.0,D,1,58.0,B,0,87.0,C,1,82.0,D,0,86.0,B,0,55.0,C,0,58.0,A,0,80.0,2,71.33,-1.6,72.5,1.12,8.5,3.5,3.5,1,1,1,23,11,3,9,10,10,8
69fef864a0d772b10f302eab,ai-reliability,2026-07-21T11:26:54.834766+00:00,True,25,['Woman'],Unemployed,Fully fluent,Higher tertiary education degree (Master's level),Several times a day,A,0,95.0,C,0,71.0,A,1,65.0,A,0,58.0,B,0,95.0,A,0,98.0,B,0,95.0,C,1,87.0,D,0,74.0,D,0,72.0,B,0,38.0,B,0,91.0,2,78.25,-2.7,90.0,1.62,10.67,2.83,3.5,1,1,1,14,10,5,10,7,5,7
6a05df9dcade14a5baa8434a,ai-reliability,2026-07-21T11:32:27.345753+00:00,True,35,['Man'],HVAC engineer,Native English speaker,Upper secondary school / High school,A few times a week,B,0,69.0,B,0,76.0,B,0,63.0,B,0,67.0,B,0,82.0,A,0,43.0,D,0,86.0,B,0,72.0,D,0,68.0,C,1,57.0,B,0,79.0,A,0,67.0,1,69.08,-13.18,70.0,0.75,7.0,3.0,3.0,1,1,1,29,8,10,11,7,5,6
677678dc7428fa4f36a7795c,ai-reliability,2026-07-21T11:42:59.837138+00:00,True,20,['Woman'],Student,Native English speaker,Upper secondary school / High school,Several times a day,D,0,69.0,D,1,31.0,D,0,61.0,C,0,65.0,B,0,77.0,D,1,23.0,D,0,47.0,C,1,29.0,D,0,70.0,B,0,49.0,B,0,68.0,B,0,56.0,3,53.75,-34.78,67.5,2.0,7.83,3.33,2.62,1,1,1,13,10,8,9,9,6,8
696d0dc6c9d44fdb4020b215,ai-reliability,2026-07-21T11:43:08.930844+00:00,True,31,['Man'],Data Analyst,Native English speaker,Higher tertiary education degree (Master's level),Several times a day,B,0,99.0,A,0,73.0,B,0,98.0,B,0,83.0,B,0,98.0,A,0,71.0,D,0,76.0,A,0,77.0,D,0,97.0,B,0,76.0,C,0,89.0,B,0,56.0,0,82.75,,95.0,2.12,8.5,3.5,4.38,1,1,1,28,12,8,12,10,6,8
63d3f928e97451dbc1c745da,ai-reliability,2026-07-21T11:46:11.711126+00:00,True,27,['Man'],Software egineer,Native English speaker,Vocational college degree,A few times a week,B,0,100.0,C,0,100.0,B,0,100.0,D,1,100.0,B,0,100.0,A,0,100.0,B,0,100.0,C,1,100.0,D,0,100.0,B,0,100.0,B,0,100.0,D,1,100.0,3,100.0,0.0,95.0,1.62,8.83,3.67,4.5,1,1,1,14,12,7,12,12,9,12
5b8fe19ae3a406000131f1a6,ai-reliability,2026-07-21T11:48:21.985427+00:00,True,41,['Man'],cemetery worker,Native English speaker,Vocational college degree,About once a week,B,0,100.0,B,0,65.0,B,0,81.0,D,1,27.0,B,0,97.0,D,1,36.0,D,0,60.0,B,0,5.0,D,0,92.0,B,0,63.0,B,0,94.0,B,0,40.0,2,63.33,-38.2,67.5,1.12,9.83,3.5,3.88,1,1,1,27,12,8,12,9,4,12
6a1ef512fd22c5aeb0f054b9,ai-reliability,2026-07-21T11:51:09.101584+00:00,True,28,['Man'],Analyst,Native English speaker,Lower tertiary education degree (Bachelor's level),About once a day,B,0,100.0,D,1,66.0,C,0,99.0,D,1,75.0,B,0,100.0,B,0,100.0,B,0,100.0,D,0,97.0,B,1,100.0,B,0,94.0,B,0,88.0,B,0,100.0,3,93.25,-17.22,72.5,1.5,10.5,3.5,3.88,1,1,1,24,12,8,12,8,9,6
6048c1da4fb34916883f2e7d,ai-reliability,2026-07-21T12:00:26.559708+00:00,True,42,['Woman'],moher,Native English speaker,Lower tertiary education degree (Bachelor's level),A few times a month,B,0,85.0,B,0,42.0,B,0,70.0,A,0,46.0,B,0,87.0,D,1,31.0,D,0,58.0,B,0,26.0,B,1,68.0,D,0,66.0,C,0,58.0,A,0,76.0,2,59.42,-11.9,72.5,1.5,7.67,3.67,3.5,1,1,1,17,8,6,7,8,4,8
6a0afb57417835eaa8cf978e,ai-reliability,2026-07-21T12:05:26.547496+00:00,True,26,['Man'],Self Employed ,Native English speaker,Lower tertiary education degree (Bachelor's level),Several times a day,B,0,82.0,C,0,58.0,B,0,97.0,D,1,77.0,B,0,95.0,D,1,99.0,D,0,94.0,B,0,63.0,B,1,79.0,B,0,69.0,B,0,96.0,B,0,98.0,3,83.92,1.44,70.0,1.38,12.17,4.17,2.88,1,1,1,44,10,4,8,8,3,6
69f0bd15dacaf72b392f5c90,ai-reliability,2026-07-21T12:06:21.492256+00:00,True,21,['Man'],Student,Native English speaker,Vocational college degree,Several times a day,C,1,90.0,C,0,71.0,C,0,89.0,B,0,62.0,B,0,100.0,C,0,100.0,B,0,70.0,B,0,32.0,D,0,81.0,B,0,100.0,D,0,82.0,D,1,25.0,2,75.17,-21.2,95.0,1.25,7.33,3.17,3.38,1,1,1,35,10,5,10,8,6,5
5cd59823d88b4400207b467c,ai-reliability,2026-07-21T12:06:36.336458+00:00,True,58,['Man'],freelance designer,Native English speaker,Upper secondary school / High school,A few times a month,C,1,97.0,C,0,49.0,D,0,80.0,D,1,18.0,B,0,97.0,D,1,44.0,B,0,70.0,C,1,58.0,C,0,98.0,B,0,90.0,B,0,97.0,C,0,80.0,4,73.17,-28.38,95.0,2.12,6.5,4.83,3.5,0,1,1,22,12,10,12,9,2,9
6a259d5aa0f34da2cfbf5004,ai-reliability,2026-07-21T12:14:01.242509+00:00,True,19,['Man'],Student,Native English speaker,Upper secondary school / High school,A few times a week,B,0,69.0,A,0,22.0,B,0,54.0,D,1,30.0,B,0,88.0,A,0,79.0,B,0,58.0,B,0,47.0,A,0,77.0,B,0,46.0,C,0,72.0,D,1,43.0,2,57.08,-24.7,75.0,1.25,6.33,4.0,1.75,1,1,1,15,9,8,7,4,8,6
596e000bfb7959000162f52f,ai-reliability,2026-07-21T12:15:50.585398+00:00,True,42,['Woman'],teaching assistant,Native English speaker,Vocational college degree,A few times a week,B,0,64.0,B,0,60.0,B,0,20.0,B,0,56.0,B,0,60.0,D,1,45.0,D,0,69.0,C,1,43.0,A,0,68.0,B,0,55.0,B,0,77.0,C,0,60.0,2,56.42,-14.9,97.5,0.88,9.33,4.0,3.62,1,1,1,18,7,4,7,8,4,11
665efdf173820edd2b8d4d23,ai-reliability,2026-07-21T12:18:15.660916+00:00,True,21,['Man'],Unemployed,Native English speaker,Lower tertiary education degree (Bachelor's level),A few times a week,B,0,86.0,C,0,100.0,B,0,88.0,D,1,98.0,B,0,100.0,D,1,91.0,D,0,87.0,B,0,21.0,A,0,100.0,B,0,98.0,B,0,100.0,A,0,74.0,2,86.92,9.1,92.5,1.25,11.33,3.83,3.75,1,1,1,22,12,10,12,10,6,9
5dfc28644b49a19583f7cc7a,ai-reliability,2026-07-21T12:19:31.413199+00:00,True,37,['Woman'],Analyst,Native English speaker,Lower tertiary education degree (Bachelor's level),About once a week,C,1,35.0,C,0,30.0,B,0,33.0,C,0,29.0,B,0,47.0,A,0,62.0,D,0,19.0,C,1,37.0,D,0,62.0,C,1,49.0,B,0,40.0,D,1,42.0,4,40.42,0.5,70.0,1.25,8.17,3.17,4.12,1,1,1,18,12,0,12,6,0,6
6a215752a155484c322dae18,ai-reliability,2026-07-21T12:21:15.925750+00:00,True,42,['Woman'],Project management,Native English speaker,Higher tertiary education degree (Master's level),A few times a week,C,1,73.0,A,0,76.0,D,0,69.0,D,1,95.0,B,0,94.0,A,0,99.0,D,0,82.0,B,0,95.0,D,0,93.0,B,0,91.0,B,0,73.0,C,0,88.0,2,85.67,-2.0,90.0,1.5,11.83,3.33,3.62,1,1,1,15,2,10,8,6,3,6
6a1e8e544ddce8244cfc707f,ai-reliability,2026-07-21T12:24:30.256824+00:00,True,43,['Woman'],carer,Native English speaker,Upper secondary school / High school,Several times a day,D,0,97.0,D,1,99.0,B,0,94.0,D,1,95.0,B,0,99.0,D,1,97.0,D,0,96.0,B,0,98.0,D,0,97.0,D,0,98.0,D,0,99.0,D,1,90.0,4,96.58,-2.0,97.5,2.12,12.17,4.5,4.38,1,1,1,43,10,7,10,10,0,12
5b88022114e8c600010485b9,ai-reliability,2026-07-21T12:24:53.980770+00:00,True,34,['Woman'],Teacher,Native English speaker,Lower tertiary education degree (Bachelor's level),About once a day,C,1,47.0,B,0,9.0,B,0,63.0,D,1,31.0,B,0,32.0,D,1,34.0,D,0,53.0,B,0,26.0,D,0,65.0,B,0,58.0,C,0,61.0,D,1,53.0,4,44.33,-4.62,60.0,-0.25,8.33,3.67,3.38,1,1,1,22,6,9,5,6,8,7
6a1e93a3a409de92d38f9059,ai-reliability,2026-07-21T12:29:40.558407+00:00,True,23,['Man'],Financial Analyst,Native English speaker,Upper secondary school / High school,Several times a day,C,1,91.0,C,0,9.0,B,0,33.0,D,1,6.0,B,0,100.0,D,1,7.0,D,0,21.0,B,0,8.0,D,0,100.0,C,1,67.0,B,0,100.0,B,0,46.0,4,49.0,-9.38,87.5,1.0,3.67,1.5,3.38,1,1,1,26,12,7,12,8,5,10
69fcda1943761c2a0204373e,ai-reliability,2026-07-21T12:39:07.746570+00:00,True,60,['Woman'],Academic English editor,Native English speaker,Vocational college degree,A few times a week,B,0,88.0,A,0,86.0,B,0,52.0,D,1,47.0,B,0,100.0,B,0,82.0,D,0,100.0,B,0,71.0,D,0,96.0,C,1,56.0,D,0,76.0,A,0,70.0,2,77.0,-30.6,70.0,1.38,11.17,4.33,3.38,1,1,1,15,9,5,10,10,5,9
676ae3e650a28a06d8486941,ai-reliability,2026-07-21T12:41:18.383192+00:00,True,35,['Man'],Crypto trader,Native English speaker,Upper secondary school / High school,About once a day,B,0,72.0,A,0,67.0,C,0,75.0,A,0,74.0,B,0,75.0,B,0,45.0,D,0,79.0,A,0,60.0,D,0,100.0,B,0,67.0,B,0,82.0,A,0,80.0,0,73.0,,97.5,1.12,3.33,1.33,4.12,1,1,1,18,12,12,12,8,12,8
6a0633e7c1fd84e5fadfe80e,ai-reliability,2026-07-21T12:43:58.383387+00:00,True,24,['Man'],Lifeguard and hospitality,Native English speaker,Upper secondary school / High school,A few times a week,C,1,100.0,B,0,36.0,B,0,66.0,D,1,71.0,B,0,76.0,D,1,100.0,B,0,85.0,C,1,59.0,D,0,94.0,A,0,72.0,B,0,67.0,B,0,45.0,4,72.58,14.88,72.5,-0.38,9.5,3.83,3.25,1,1,1,25,10,6,7,8,3,2
69f0e10237e70629b1851b6f,ai-reliability,2026-07-21T12:51:19.986397+00:00,True,52,['Man'],Software Developer,Fully fluent,Lower tertiary education degree (Bachelor's level),Several times a day,B,0,93.0,D,1,97.0,B,0,68.0,B,0,98.0,A,0,98.0,B,0,97.0,C,0,96.0,D,0,75.0,D,0,92.0,D,0,99.0,D,0,87.0,B,0,97.0,1,91.42,6.09,87.5,2.62,10.67,3.83,3.62,1,1,1,28,12,4,12,6,3,10
69f3b206e69dd82798c52778,ai-reliability,2026-07-21T13:01:07.136540+00:00,True,35,['Woman'],graphic designer,Native English speaker,Lower tertiary education degree (Bachelor's level),Less than once a month,C,1,40.0,A,0,43.0,C,0,78.0,C,0,70.0,B,0,91.0,D,1,86.0,D,0,64.0,C,1,31.0,D,0,59.0,C,1,63.0,B,0,64.0,D,1,37.0,5,60.5,-15.6,67.5,0.88,9.5,3.83,2.62,1,1,1,22,10,7,1,8,5,6
62a999b8ed876efe5ffe9599,ai-reliability,2026-07-21T13:03:29.701637+00:00,True,46,['Man'],unemployed,Native English speaker,Upper secondary school / High school,About once a day,B,0,87.0,B,0,48.0,B,0,55.0,A,0,30.0,B,0,89.0,D,1,27.0,D,0,54.0,A,0,18.0,A,0,89.0,B,0,69.0,A,1,84.0,D,1,63.0,3,59.42,-1.89,95.0,2.0,8.0,3.0,4.38,1,1,1,19,6,0,6,6,0,0
6a1b22b2400fd8fa375bf6d2,ai-reliability,2026-07-21T13:18:28.327795+00:00,True,29,['Woman'],Hairsalon Manager,Native English speaker,Vocational college degree,About once a day,B,0,73.0,D,1,39.0,B,0,50.0,D,1,24.0,B,0,88.0,D,1,89.0,D,0,51.0,B,0,86.0,D,0,53.0,B,0,54.0,D,0,66.0,D,1,53.0,4,60.5,-13.88,67.5,0.62,9.17,3.17,3.88,1,1,1,15,12,4,12,10,5,12
66019f5e10adbe524f2a844a,ai-reliability,2026-07-21T13:19:10.451959+00:00,True,50,['Woman'],special needs assistant,Native English speaker,Vocational college degree,A few times a week,B,0,65.0,B,0,96.0,B,0,98.0,D,1,88.0,B,0,89.0,D,1,93.0,B,0,86.0,B,0,77.0,D,0,97.0,C,1,61.0,D,0,82.0,B,0,63.0,3,82.92,-3.0,70.0,-0.25,12.67,1.17,4.25,1,1,1,33,9,4,10,10,3,9
6a025bd21792d1c049fa132b,ai-reliability,2026-07-21T13:27:54.448264+00:00,True,41,['Woman'],therapist,Native English speaker,Higher tertiary education degree (Master's level),Several times a day,B,0,100.0,A,0,79.0,B,0,78.0,D,1,54.0,B,0,70.0,A,0,100.0,D,0,99.0,C,1,98.0,D,0,41.0,B,0,12.0,C,0,10.0,C,0,24.0,2,63.75,14.7,55.0,-1.5,14.17,2.5,2.5,1,1,1,37,9,6,8,5,3,2
56b78f11e77ebe000cbefe79,ai-reliability,2026-07-21T13:29:03.374134+00:00,True,60,['Woman'],risk management,Native English speaker,Lower tertiary education degree (Bachelor's level),A few times a month,C,1,93.0,A,0,72.0,C,0,71.0,D,1,45.0,B,0,96.0,D,1,85.0,D,0,61.0,B,0,95.0,D,0,92.0,C,1,84.0,C,0,85.0,B,0,58.0,4,78.08,-2.0,82.5,0.75,14.17,3.5,3.88,1,1,1,46,9,2,9,8,2,7
6a1ebce36344944543760e59,ai-reliability,2026-07-21T13:32:43.148449+00:00,True,35,['Man'],Manager,Native English speaker,Higher tertiary education degree (Master's level),Several times a day,B,0,51.0,A,0,47.0,B,0,64.0,D,1,47.0,B,0,75.0,D,1,77.0,B,0,57.0,D,0,39.0,D,0,67.0,C,1,46.0,B,0,20.0,B,0,29.0,3,51.58,6.78,77.5,0.62,14.17,4.17,4.5,1,1,1,34,12,6,12,8,3,8
6a2005ef97f72a2148a5f52b,ai-reliability,2026-07-21T13:38:22.780742+00:00,True,30,['Woman'],Self Employed Business owner ,Native English speaker,Lower tertiary education degree (Bachelor's level),About once a day,B,0,77.0,D,1,36.0,B,0,65.0,B,0,57.0,B,0,83.0,D,1,71.0,D,0,60.0,B,0,46.0,D,0,91.0,B,0,86.0,B,0,83.0,B,0,97.0,2,71.0,-21.0,62.5,0.25,9.67,3.0,2.5,1,1,1,36,7,7,8,6,3,6
67e8289e4c317bd8072e7c96,ai-reliability,2026-07-21T14:29:38.565520+00:00,True,56,['Man'],Product Manager,Native English speaker,Lower tertiary education degree (Bachelor's level),About once a day,B,0,69.0,B,0,24.0,B,0,76.0,B,0,40.0,B,0,88.0,A,0,90.0,A,1,70.0,C,1,27.0,D,0,63.0,B,0,79.0,B,0,55.0,B,0,30.0,2,59.25,-12.9,70.0,-0.5,9.83,4.5,2.75,1,1,1,78,8,5,7,7,4,4
6a1d8a523e6779817d014374,ai-reliability,2026-07-21T14:57:49.145523+00:00,True,31,['Woman'],Editor,Native English speaker,Lower tertiary education degree (Bachelor's level),Several times a day,B,0,84.0,D,1,54.0,B,0,90.0,D,1,84.0,B,0,95.0,D,1,89.0,B,0,84.0,A,0,81.0,D,0,88.0,C,1,85.0,B,0,90.0,D,1,82.0,5,83.83,-8.63,77.5,-0.12,8.5,2.67,2.62,1,1,1,29,10,3,8,10,6,5
69f4765b9bfd320086f11f14,ai-reliability,2026-07-16T11:03:50.906285+00:00,True,26,['Woman'],unemployed,Native English speaker,Lower tertiary education degree (Bachelor's level),About once a week,B,0,62.0,B,0,48.0,B,0,45.0,A,0,27.0,B,0,93.0,D,1,94.0,B,0,65.0,B,0,27.0,D,0,71.0,C,1,38.0,B,0,61.0,D,1,56.0,3,57.25,7.22,55.0,-0.12,10.33,3.33,2.88,1,1,1,18,10,8,10,8,4,8
69fd88994d71fdbe41dc06cb,ai-reliability,2026-07-16T11:04:28.072851+00:00,True,30,['Man'],Research and Evaluation,Native English speaker,Higher tertiary education degree (Master's level),A few times a month,B,0,46.0,C,0,70.0,C,0,36.0,A,0,30.0,B,0,75.0,D,1,83.0,A,1,72.0,B,0,21.0,A,0,83.0,C,1,38.0,B,0,76.0,B,0,73.0,3,58.58,7.67,57.5,0.0,10.67,4.17,2.12,1,1,1,30,4,6,2,6,3,4
6a04366fb4a4aa679e7dc1ba,ai-reliability,2026-07-16T11:10:53.060383+00:00,True,31,['Woman'],homemaker/carer,Native English speaker,Lower tertiary education degree (Bachelor's level),A few times a week,B,0,100.0,B,0,63.0,B,0,40.0,B,0,69.0,B,0,64.0,D,1,70.0,D,0,60.0,C,1,67.0,D,0,88.0,B,0,61.0,B,0,78.0,D,1,58.0,3,68.17,-4.22,97.5,1.88,11.0,3.83,3.88,1,1,1,18,6,2,12,6,3,9
6a0f23984ca40187cbf977c3,ai-reliability,2026-07-16T12:06:56.045955+00:00,True,31,['Man'],Music Consultant,Fully fluent,Lower tertiary education degree (Bachelor's level),Several times a day,B,0,93.0,B,0,76.0,A,1,89.0,D,1,94.0,B,0,98.0,D,1,100.0,B,0,97.0,B,0,60.0,A,0,90.0,C,1,50.0,C,0,83.0,B,0,63.0,4,82.75,0.75,45.0,-0.88,13.0,4.0,2.12,1,1,1,20,10,12,10,6,8,7
69fd091c3ac967918648e10c,ai-reliability,2026-07-16T12:12:56.933822+00:00,True,35,['Woman'],auditor,Fully fluent,Higher tertiary education degree (Master's level),About once a day,C,1,70.0,C,0,62.0,C,0,58.0,D,1,77.0,C,1,74.0,D,1,58.0,B,0,65.0,A,0,77.0,D,0,79.0,B,0,64.0,B,0,75.0,D,1,64.0,5,68.58,0.03,52.5,1.5,8.5,3.33,3.75,1,0,1,13,9,7,10,7,5,8
59a3b1a35fd74b0001abf9c1,ai-reliability,2026-07-17T10:54:49.339146+00:00,True,54,['Woman'],civil servant,Native English speaker,Lower tertiary education degree (Bachelor's level),Several times a day,B,0,78.0,C,0,41.0,B,0,58.0,A,0,31.0,B,0,89.0,D,1,28.0,B,0,53.0,B,0,23.0,D,0,87.0,B,0,56.0,D,0,99.0,B,0,76.0,1,59.92,-34.82,100.0,3.0,9.67,3.33,4.5,1,1,1,24,12,6,12,10,0,10
6a00c8a7e99da785c9fe6493,ai-reliability,2026-07-17T11:18:15.031147+00:00,True,49,['Man'],Unemployed,Native English speaker,Higher tertiary education degree (Master's level),A few times a week,A,0,86.0,B,0,69.0,C,0,18.0,D,1,12.0,B,0,71.0,C,0,49.0,B,0,26.0,B,0,52.0,D,0,89.0,C,1,41.0,B,0,69.0,D,1,11.0,3,49.42,-37.44,47.5,1.5,12.33,4.17,3.75,0,1,1,20,12,6,12,4,2,4
6a0b4fa8c69b7f8c74ef1238,ai-reliability,2026-07-17T11:31:46.202210+00:00,True,29,['Woman'],Healthcare professional,Native English speaker,Lower tertiary education degree (Bachelor's level),About once a day,B,0,100.0,B,0,61.0,B,0,88.0,D,1,94.0,B,0,100.0,D,1,99.0,B,0,100.0,B,0,80.0,C,0,99.0,B,0,83.0,B,0,98.0,D,1,100.0,3,91.83,7.78,87.5,0.38,8.0,3.33,3.75,1,0,1,23,12,6,12,10,7,8
6a0b003f6fd78e5df58d4c69,ai-reliability,2026-07-17T11:54:21.509750+00:00,True,45,['Woman'],Unemployed,Native English speaker,Doctoral degree,Several times a day,C,1,75.0,B,0,50.0,C,0,51.0,B,0,18.0,B,0,74.0,A,0,52.0,D,0,49.0,C,1,2.0,D,0,79.0,C,1,34.0,B,0,75.0,A,0,60.0,3,51.58,-19.44,72.5,0.38,11.67,3.33,3.25,1,1,1,24,10,8,10,8,4,6
668d16ae27f1ad4461650742,ai-reliability,2026-07-17T12:00:36.387342+00:00,True,38,['Man'],Senior Cyber Security Analyst,Native English speaker,Vocational college degree,About once a day,D,0,100.0,D,1,100.0,C,0,100.0,C,0,100.0,B,0,100.0,D,1,100.0,B,0,100.0,A,0,100.0,C,0,100.0,B,0,100.0,D,0,100.0,D,1,100.0,3,100.0,0.0,65.0,1.25,10.33,4.83,1.62,1,1,1,15,12,12,12,12,12,6
